[2026-09-20 07:57:51] production.ERROR: The D:\الترم الخامس\ITPM\Project\smart-campus-portal\bootstrap\cache directory must be present and writable. {"exception":"[object] (Exception(code: 0): The D:\\الترم الخامس\\ITPM\\Project\\smart-campus-portal\\bootstrap\\cache directory must be present and writable. at D:/الترم الخامس/ITPM/Project/smart-campus-portal/vendor/laravel/framework/src/Illuminate/Foundation/PackageManifest.php:179)
[stacktrace]
#0 D:/الترم الخامس/ITPM/Project/smart-campus-portal/vendor/laravel/framework/src/Illuminate/Foundation/PackageManifest.php(132): Illuminate/Foundation/PackageManifest->write(Array)
#1 D:/الترم الخامس/ITPM/Project/smart-campus-portal/vendor/laravel/framework/src/Illuminate/Foundation/PackageManifest.php(108): Illuminate/Foundation/PackageManifest->build()
#2 D:/الترم الخامس/ITPM/Project/smart-campus-portal/vendor/laravel/framework/src/Illuminate/Foundation/PackageManifest.php(91): Illuminate/Foundation/PackageManifest->getManifest()
#3 D:/الترم الخامس/ITPM/Project/smart-campus-portal/vendor/laravel/framework/src/Illuminate/Foundation/PackageManifest.php(80): Illuminate/Foundation/PackageManifest->config('aliases')
#4 D:/الترم الخامس/ITPM/Project/smart-campus-portal/vendor/laravel/framework/src/Illuminate/Foundation/Bootstrap/RegisterFacades.php(26): Illuminate/Foundation/PackageManifest->aliases()
#5 D:/الترم الخامس/ITPM/Project/smart-campus-portal/vendor/laravel/framework/src/Illuminate/Foundation/Application.php(342): Illuminate/Foundation/Bootstrap/RegisterFacades->bootstrap(Object(Illuminate/Foundation/Application))
#6 D:/الترم الخامس/ITPM/Project/smart-campus-portal/vendor/laravel/framework/src/Illuminate/Foundation/Http/Kernel.php(187): Illuminate/Foundation/Application->bootstrapWith(Array)
#7 D:/الترم الخامس/ITPM/Project/smart-campus-portal/vendor/laravel/framework/src/Illuminate/Foundation/Http/Kernel.php(171): Illuminate/Foundation/Http/Kernel->bootstrap()
#8 D:/الترم الخامس/ITPM/Project/smart-campus-portal/vendor/laravel/framework/src/Illuminate/Foundation/Http/Kernel.php(145): Illuminate/Foundation/Http/Kernel->sendRequestThroughRouter(Object(Illuminate/Http/Request))
#9 D:/الترم الخامس/ITPM/Project/smart-campus-portal/public/index.php(19): Illuminate/Foundation/Http/Kernel->handle(Object(Illuminate/Http/Request))
#10 {main}
"} 
[2026-09-20 07:57:51] production.ERROR: Target class [view] does not exist. {"exception":"[object] (Illuminate\\Contracts\\Container\\BindingResolutionException(code: 0): Target class [view] does not exist. at D:/الترم الخامس/ITPM/Project/smart-campus-portal/vendor/laravel/framework/src/Illuminate/Container/Container.php:961)
[stacktrace]
#0 D:/الترم الخامس/ITPM/Project/smart-campus-portal/vendor/laravel/framework/src/Illuminate/Container/Container.php(832): Illuminate/Container/Container->build('view')
#1 D:/الترم الخامس/ITPM/Project/smart-campus-portal/vendor/laravel/framework/src/Illuminate/Foundation/Application.php(1078): Illuminate/Container/Container->resolve('view', Array, true)
#2 D:/الترم الخامس/ITPM/Project/smart-campus-portal/vendor/laravel/framework/src/Illuminate/Container/Container.php(763): Illuminate/Foundation/Application->resolve('view', Array)
#3 D:/الترم الخامس/ITPM/Project/smart-campus-portal/vendor/laravel/framework/src/Illuminate/Foundation/Application.php(1058): Illuminate/Container/Container->make('view', Array)
#4 D:/الترم الخامس/ITPM/Project/smart-campus-portal/vendor/laravel/framework/src/Illuminate/Container/Container.php(1580): Illuminate/Foundation/Application->make('view')
#5 D:/الترم الخامس/ITPM/Project/smart-campus-portal/vendor/laravel/framework/src/Illuminate/Support/Facades/Facade.php(239): Illuminate/Container/Container->offsetGet('view')
#6 D:/الترم الخامس/ITPM/Project/smart-campus-portal/vendor/laravel/framework/src/Illuminate/Support/Facades/Facade.php(210): Illuminate/Support/Facades/Facade::resolveFacadeInstance('view')
#7 D:/الترم الخامس/ITPM/Project/smart-campus-portal/vendor/laravel/framework/src/Illuminate/Support/Facades/Facade.php(355): Illuminate/Support/Facades/Facade::getFacadeRoot()
#8 D:/الترم الخامس/ITPM/Project/smart-campus-portal/vendor/laravel/framework/src/Illuminate/Foundation/Exceptions/RegisterErrorViewPaths.php(17): Illuminate/Support/Facades/Facade::__callStatic('replaceNamespac...', Array)
#9 D:/الترم الخامس/ITPM/Project/smart-campus-portal/vendor/laravel/framework/src/Illuminate/Foundation/Exceptions/Handler.php(915): Illuminate/Foundation/Exceptions/RegisterErrorViewPaths->__invoke()
#10 D:/الترم الخامس/ITPM/Project/smart-campus-portal/vendor/laravel/framework/src/Illuminate/Foundation/Exceptions/Handler.php(890): Illuminate/Foundation/Exceptions/Handler->registerErrorViewPaths()
#11 D:/الترم الخامس/ITPM/Project/smart-campus-portal/vendor/laravel/framework/src/Illuminate/Foundation/Exceptions/Handler.php(815): Illuminate/Foundation/Exceptions/Handler->renderHttpException(Object(Symfony/Component/HttpKernel/Exception/HttpException))
#12 D:/الترم الخامس/ITPM/Project/smart-campus-portal/vendor/laravel/framework/src/Illuminate/Foundation/Exceptions/Handler.php(706): Illuminate/Foundation/Exceptions/Handler->prepareResponse(Object(Illuminate/Http/Request), Object(Symfony/Component/HttpKernel/Exception/HttpException))
#13 D:/الترم الخامس/ITPM/Project/smart-campus-portal/vendor/laravel/framework/src/Illuminate/Foundation/Exceptions/Handler.php(594): Illuminate/Foundation/Exceptions/Handler->renderExceptionResponse(Object(Illuminate/Http/Request), Object(Exception))
#14 D:/الترم الخامس/ITPM/Project/smart-campus-portal/vendor/laravel/framework/src/Illuminate/Foundation/Http/Kernel.php(575): Illuminate/Foundation/Exceptions/Handler->render(Object(Illuminate/Http/Request), Object(Exception))
#15 D:/الترم الخامس/ITPM/Project/smart-campus-portal/vendor/laravel/framework/src/Illuminate/Foundation/Http/Kernel.php(149): Illuminate/Foundation/Http/Kernel->renderException(Object(Illuminate/Http/Request), Object(Exception))
#16 D:/الترم الخامس/ITPM/Project/smart-campus-portal/public/index.php(19): Illuminate/Foundation/Http/Kernel->handle(Object(Illuminate/Http/Request))
#17 {main}

[previous exception] [object] (ReflectionException(code: -1): Class \"view\" does not exist at D:/الترم الخامس/ITPM/Project/smart-campus-portal/vendor/laravel/framework/src/Illuminate/Container/Container.php:959)
[stacktrace]
#0 D:/الترم الخامس/ITPM/Project/smart-campus-portal/vendor/laravel/framework/src/Illuminate/Container/Container.php(959): ReflectionClass->__construct('view')
#1 D:/الترم الخامس/ITPM/Project/smart-campus-portal/vendor/laravel/framework/src/Illuminate/Container/Container.php(832): Illuminate/Container/Container->build('view')
#2 D:/الترم الخامس/ITPM/Project/smart-campus-portal/vendor/laravel/framework/src/Illuminate/Foundation/Application.php(1078): Illuminate/Container/Container->resolve('view', Array, true)
#3 D:/الترم الخامس/ITPM/Project/smart-campus-portal/vendor/laravel/framework/src/Illuminate/Container/Container.php(763): Illuminate/Foundation/Application->resolve('view', Array)
#4 D:/الترم الخامس/ITPM/Project/smart-campus-portal/vendor/laravel/framework/src/Illuminate/Foundation/Application.php(1058): Illuminate/Container/Container->make('view', Array)
#5 D:/الترم الخامس/ITPM/Project/smart-campus-portal/vendor/laravel/framework/src/Illuminate/Container/Container.php(1580): Illuminate/Foundation/Application->make('view')
#6 D:/الترم الخامس/ITPM/Project/smart-campus-portal/vendor/laravel/framework/src/Illuminate/Support/Facades/Facade.php(239): Illuminate/Container/Container->offsetGet('view')
#7 D:/الترم الخامس/ITPM/Project/smart-campus-portal/vendor/laravel/framework/src/Illuminate/Support/Facades/Facade.php(210): Illuminate/Support/Facades/Facade::resolveFacadeInstance('view')
#8 D:/الترم الخامس/ITPM/Project/smart-campus-portal/vendor/laravel/framework/src/Illuminate/Support/Facades/Facade.php(355): Illuminate/Support/Facades/Facade::getFacadeRoot()
#9 D:/الترم الخامس/ITPM/Project/smart-campus-portal/vendor/laravel/framework/src/Illuminate/Foundation/Exceptions/RegisterErrorViewPaths.php(17): Illuminate/Support/Facades/Facade::__callStatic('replaceNamespac...', Array)
#10 D:/الترم الخامس/ITPM/Project/smart-campus-portal/vendor/laravel/framework/src/Illuminate/Foundation/Exceptions/Handler.php(915): Illuminate/Foundation/Exceptions/RegisterErrorViewPaths->__invoke()
#11 D:/الترم الخامس/ITPM/Project/smart-campus-portal/vendor/laravel/framework/src/Illuminate/Foundation/Exceptions/Handler.php(890): Illuminate/Foundation/Exceptions/Handler->registerErrorViewPaths()
#12 D:/الترم الخامس/ITPM/Project/smart-campus-portal/vendor/laravel/framework/src/Illuminate/Foundation/Exceptions/Handler.php(815): Illuminate/Foundation/Exceptions/Handler->renderHttpException(Object(Symfony/Component/HttpKernel/Exception/HttpException))
#13 D:/الترم الخامس/ITPM/Project/smart-campus-portal/vendor/laravel/framework/src/Illuminate/Foundation/Exceptions/Handler.php(706): Illuminate/Foundation/Exceptions/Handler->prepareResponse(Object(Illuminate/Http/Request), Object(Symfony/Component/HttpKernel/Exception/HttpException))
#14 D:/الترم الخامس/ITPM/Project/smart-campus-portal/vendor/laravel/framework/src/Illuminate/Foundation/Exceptions/Handler.php(594): Illuminate/Foundation/Exceptions/Handler->renderExceptionResponse(Object(Illuminate/Http/Request), Object(Exception))
#15 D:/الترم الخامس/ITPM/Project/smart-campus-portal/vendor/laravel/framework/src/Illuminate/Foundation/Http/Kernel.php(575): Illuminate/Foundation/Exceptions/Handler->render(Object(Illuminate/Http/Request), Object(Exception))
#16 D:/الترم الخامس/ITPM/Project/smart-campus-portal/vendor/laravel/framework/src/Illuminate/Foundation/Http/Kernel.php(149): Illuminate/Foundation/Http/Kernel->renderException(Object(Illuminate/Http/Request), Object(Exception))
#17 D:/الترم الخامس/ITPM/Project/smart-campus-portal/public/index.php(19): Illuminate/Foundation/Http/Kernel->handle(Object(Illuminate/Http/Request))
#18 {main}
"} 
[2026-09-20 07:57:51] production.ERROR: Uncaught ReflectionException: Class "view" does not exist in D:\الترم الخامس\ITPM\Project\smart-campus-portal\vendor\laravel\framework\src\Illuminate\Container\Container.php:959
Stack trace:
#0 D:\الترم الخامس\ITPM\Project\smart-campus-portal\vendor\laravel\framework\src\Illuminate\Container\Container.php(959): ReflectionClass->__construct('view')
#1 D:\الترم الخامس\ITPM\Project\smart-campus-portal\vendor\laravel\framework\src\Illuminate\Container\Container.php(832): Illuminate\Container\Container->build('view')
#2 D:\الترم الخامس\ITPM\Project\smart-campus-portal\vendor\laravel\framework\src\Illuminate\Foundation\Application.php(1078): Illuminate\Container\Container->resolve('view', Array, true)
#3 D:\الترم الخامس\ITPM\Project\smart-campus-portal\vendor\laravel\framework\src\Illuminate\Container\Container.php(763): Illuminate\Foundation\Application->resolve('view', Array)
#4 D:\الترم الخامس\ITPM\Project\smart-campus-portal\vendor\laravel\framework\src\Illuminate\Foundation\Application.php(1058): Illuminate\Container\Container->make('view', Array)
#5 D:\الترم الخامس\ITPM\Project\smart-campus-portal\vendor\laravel\framework\src\Illuminate\Container\Container.php(1580): Illuminate\Foundation\Application->make('view')
#6 D:\الترم الخامس\ITPM\Project\smart-campus-portal\vendor\laravel\framework\src\Illuminate\Support\Facades\Facade.php(239): Illuminate\Container\Container->offsetGet('view')
#7 D:\الترم الخامس\ITPM\Project\smart-campus-portal\vendor\laravel\framework\src\Illuminate\Support\Facades\Facade.php(210): Illuminate\Support\Facades\Facade::resolveFacadeInstance('view')
#8 D:\الترم الخامس\ITPM\Project\smart-campus-portal\vendor\laravel\framework\src\Illuminate\Support\Facades\Facade.php(355): Illuminate\Support\Facades\Facade::getFacadeRoot()
#9 D:\الترم الخامس\ITPM\Project\smart-campus-portal\vendor\laravel\framework\src\Illuminate\Foundation\Exceptions\RegisterErrorViewPaths.php(17): Illuminate\Support\Facades\Facade::__callStatic('replaceNamespac...', Array)
#10 D:\الترم الخامس\ITPM\Project\smart-campus-portal\vendor\laravel\framework\src\Illuminate\Foundation\Exceptions\Handler.php(915): Illuminate\Foundation\Exceptions\RegisterErrorViewPaths->__invoke()
#11 D:\الترم الخامس\ITPM\Project\smart-campus-portal\vendor\laravel\framework\src\Illuminate\Foundation\Exceptions\Handler.php(890): Illuminate\Foundation\Exceptions\Handler->registerErrorViewPaths()
#12 D:\الترم الخامس\ITPM\Project\smart-campus-portal\vendor\laravel\framework\src\Illuminate\Foundation\Exceptions\Handler.php(815): Illuminate\Foundation\Exceptions\Handler->renderHttpException(Object(Symfony\Component\HttpKernel\Exception\HttpException))
#13 D:\الترم الخامس\ITPM\Project\smart-campus-portal\vendor\laravel\framework\src\Illuminate\Foundation\Exceptions\Handler.php(706): Illuminate\Foundation\Exceptions\Handler->prepareResponse(Object(Illuminate\Http\Request), Object(Symfony\Component\HttpKernel\Exception\HttpException))
#14 D:\الترم الخامس\ITPM\Project\smart-campus-portal\vendor\laravel\framework\src\Illuminate\Foundation\Exceptions\Handler.php(594): Illuminate\Foundation\Exceptions\Handler->renderExceptionResponse(Object(Illuminate\Http\Request), Object(Illuminate\Contracts\Container\BindingResolutionException))
#15 D:\الترم الخامس\ITPM\Project\smart-campus-portal\vendor\laravel\framework\src\Illuminate\Foundation\Bootstrap\HandleExceptions.php(221): Illuminate\Foundation\Exceptions\Handler->render(Object(Illuminate\Http\Request), Object(Illuminate\Contracts\Container\BindingResolutionException))
#16 D:\الترم الخامس\ITPM\Project\smart-campus-portal\vendor\laravel\framework\src\Illuminate\Foundation\Bootstrap\HandleExceptions.php(198): Illuminate\Foundation\Bootstrap\HandleExceptions->renderHttpResponse(Object(Illuminate\Contracts\Container\BindingResolutionException))
#17 D:\الترم الخامس\ITPM\Project\smart-campus-portal\vendor\laravel\framework\src\Illuminate\Foundation\Bootstrap\HandleExceptions.php(258): Illuminate\Foundation\Bootstrap\HandleExceptions->handleException(Object(Illuminate\Contracts\Container\BindingResolutionException))
#18 [internal function]: Illuminate\Foundation\Bootstrap\HandleExceptions->Illuminate\Foundation\Bootstrap\{closure}(Object(Illuminate\Contracts\Container\BindingResolutionException))
#19 {main}

Next Illuminate\Contracts\Container\BindingResolutionException: Target class [view] does not exist. in D:\الترم الخامس\ITPM\Project\smart-campus-portal\vendor\laravel\framework\src\Illuminate\Container\Container.php:961
Stack trace:
#0 D:\الترم الخامس\ITPM\Project\smart-campus-portal\vendor\laravel\framework\src\Illuminate\Container\Container.php(832): Illuminate\Container\Container->build('view')
#1 D:\الترم الخامس\ITPM\Project\smart-campus-portal\vendor\laravel\framework\src\Illuminate\Foundation\Application.php(1078): Illuminate\Container\Container->resolve('view', Array, true)
#2 D:\الترم الخامس\ITPM\Project\smart-campus-portal\vendor\laravel\framework\src\Illuminate\Container\Container.php(763): Illuminate\Foundation\Application->resolve('view', Array)
#3 D:\الترم الخامس\ITPM\Project\smart-campus-portal\vendor\laravel\framework\src\Illuminate\Foundation\Application.php(1058): Illuminate\Container\Container->make('view', Array)
#4 D:\الترم الخامس\ITPM\Project\smart-campus-portal\vendor\laravel\framework\src\Illuminate\Container\Container.php(1580): Illuminate\Foundation\Application->make('view')
#5 D:\الترم الخامس\ITPM\Project\smart-campus-portal\vendor\laravel\framework\src\Illuminate\Support\Facades\Facade.php(239): Illuminate\Container\Container->offsetGet('view')
#6 D:\الترم الخامس\ITPM\Project\smart-campus-portal\vendor\laravel\framework\src\Illuminate\Support\Facades\Facade.php(210): Illuminate\Support\Facades\Facade::resolveFacadeInstance('view')
#7 D:\الترم الخامس\ITPM\Project\smart-campus-portal\vendor\laravel\framework\src\Illuminate\Support\Facades\Facade.php(355): Illuminate\Support\Facades\Facade::getFacadeRoot()
#8 D:\الترم الخامس\ITPM\Project\smart-campus-portal\vendor\laravel\framework\src\Illuminate\Foundation\Exceptions\RegisterErrorViewPaths.php(17): Illuminate\Support\Facades\Facade::__callStatic('replaceNamespac...', Array)
#9 D:\الترم الخامس\ITPM\Project\smart-campus-portal\vendor\laravel\framework\src\Illuminate\Foundation\Exceptions\Handler.php(915): Illuminate\Foundation\Exceptions\RegisterErrorViewPaths->__invoke()
#10 D:\الترم الخامس\ITPM\Project\smart-campus-portal\vendor\laravel\framework\src\Illuminate\Foundation\Exceptions\Handler.php(890): Illuminate\Foundation\Exceptions\Handler->registerErrorViewPaths()
#11 D:\الترم الخامس\ITPM\Project\smart-campus-portal\vendor\laravel\framework\src\Illuminate\Foundation\Exceptions\Handler.php(815): Illuminate\Foundation\Exceptions\Handler->renderHttpException(Object(Symfony\Component\HttpKernel\Exception\HttpException))
#12 D:\الترم الخامس\ITPM\Project\smart-campus-portal\vendor\laravel\framework\src\Illuminate\Foundation\Exceptions\Handler.php(706): Illuminate\Foundation\Exceptions\Handler->prepareResponse(Object(Illuminate\Http\Request), Object(Symfony\Component\HttpKernel\Exception\HttpException))
#13 D:\الترم الخامس\ITPM\Project\smart-campus-portal\vendor\laravel\framework\src\Illuminate\Foundation\Exceptions\Handler.php(594): Illuminate\Foundation\Exceptions\Handler->renderExceptionResponse(Object(Illuminate\Http\Request), Object(Illuminate\Contracts\Container\BindingResolutionException))
#14 D:\الترم الخامس\ITPM\Project\smart-campus-portal\vendor\laravel\framework\src\Illuminate\Foundation\Bootstrap\HandleExceptions.php(221): Illuminate\Foundation\Exceptions\Handler->render(Object(Illuminate\Http\Request), Object(Illuminate\Contracts\Container\BindingResolutionException))
#15 D:\الترم الخامس\ITPM\Project\smart-campus-portal\vendor\laravel\framework\src\Illuminate\Foundation\Bootstrap\HandleExceptions.php(198): Illuminate\Foundation\Bootstrap\HandleExceptions->renderHttpResponse(Object(Illuminate\Contracts\Container\BindingResolutionException))
#16 D:\الترم الخامس\ITPM\Project\smart-campus-portal\vendor\laravel\framework\src\Illuminate\Foundation\Bootstrap\HandleExceptions.php(258): Illuminate\Foundation\Bootstrap\HandleExceptions->handleException(Object(Illuminate\Contracts\Container\BindingResolutionException))
#17 [internal function]: Illuminate\Foundation\Bootstrap\HandleExceptions->Illuminate\Foundation\Bootstrap\{closure}(Object(Illuminate\Contracts\Container\BindingResolutionException))
#18 {main}
  thrown {"exception":"[object] (Symfony\\Component\\ErrorHandler\\Error\\FatalError(code: 0): Uncaught ReflectionException: Class \"view\" does not exist in D:\\الترم الخامس\\ITPM\\Project\\smart-campus-portal\\vendor\\laravel\\framework\\src\\Illuminate\\Container\\Container.php:959
Stack trace:
#0 D:\\الترم الخامس\\ITPM\\Project\\smart-campus-portal\\vendor\\laravel\\framework\\src\\Illuminate\\Container\\Container.php(959): ReflectionClass->__construct('view')
#1 D:\\الترم الخامس\\ITPM\\Project\\smart-campus-portal\\vendor\\laravel\\framework\\src\\Illuminate\\Container\\Container.php(832): Illuminate\\Container\\Container->build('view')
#2 D:\\الترم الخامس\\ITPM\\Project\\smart-campus-portal\\vendor\\laravel\\framework\\src\\Illuminate\\Foundation\\Application.php(1078): Illuminate\\Container\\Container->resolve('view', Array, true)
#3 D:\\الترم الخامس\\ITPM\\Project\\smart-campus-portal\\vendor\\laravel\\framework\\src\\Illuminate\\Container\\Container.php(763): Illuminate\\Foundation\\Application->resolve('view', Array)
#4 D:\\الترم الخامس\\ITPM\\Project\\smart-campus-portal\\vendor\\laravel\\framework\\src\\Illuminate\\Foundation\\Application.php(1058): Illuminate\\Container\\Container->make('view', Array)
#5 D:\\الترم الخامس\\ITPM\\Project\\smart-campus-portal\\vendor\\laravel\\framework\\src\\Illuminate\\Container\\Container.php(1580): Illuminate\\Foundation\\Application->make('view')
#6 D:\\الترم الخامس\\ITPM\\Project\\smart-campus-portal\\vendor\\laravel\\framework\\src\\Illuminate\\Support\\Facades\\Facade.php(239): Illuminate\\Container\\Container->offsetGet('view')
#7 D:\\الترم الخامس\\ITPM\\Project\\smart-campus-portal\\vendor\\laravel\\framework\\src\\Illuminate\\Support\\Facades\\Facade.php(210): Illuminate\\Support\\Facades\\Facade::resolveFacadeInstance('view')
#8 D:\\الترم الخامس\\ITPM\\Project\\smart-campus-portal\\vendor\\laravel\\framework\\src\\Illuminate\\Support\\Facades\\Facade.php(355): Illuminate\\Support\\Facades\\Facade::getFacadeRoot()
#9 D:\\الترم الخامس\\ITPM\\Project\\smart-campus-portal\\vendor\\laravel\\framework\\src\\Illuminate\\Foundation\\Exceptions\\RegisterErrorViewPaths.php(17): Illuminate\\Support\\Facades\\Facade::__callStatic('replaceNamespac...', Array)
#10 D:\\الترم الخامس\\ITPM\\Project\\smart-campus-portal\\vendor\\laravel\\framework\\src\\Illuminate\\Foundation\\Exceptions\\Handler.php(915): Illuminate\\Foundation\\Exceptions\\RegisterErrorViewPaths->__invoke()
#11 D:\\الترم الخامس\\ITPM\\Project\\smart-campus-portal\\vendor\\laravel\\framework\\src\\Illuminate\\Foundation\\Exceptions\\Handler.php(890): Illuminate\\Foundation\\Exceptions\\Handler->registerErrorViewPaths()
#12 D:\\الترم الخامس\\ITPM\\Project\\smart-campus-portal\\vendor\\laravel\\framework\\src\\Illuminate\\Foundation\\Exceptions\\Handler.php(815): Illuminate\\Foundation\\Exceptions\\Handler->renderHttpException(Object(Symfony\\Component\\HttpKernel\\Exception\\HttpException))
#13 D:\\الترم الخامس\\ITPM\\Project\\smart-campus-portal\\vendor\\laravel\\framework\\src\\Illuminate\\Foundation\\Exceptions\\Handler.php(706): Illuminate\\Foundation\\Exceptions\\Handler->prepareResponse(Object(Illuminate\\Http\\Request), Object(Symfony\\Component\\HttpKernel\\Exception\\HttpException))
#14 D:\\الترم الخامس\\ITPM\\Project\\smart-campus-portal\\vendor\\laravel\\framework\\src\\Illuminate\\Foundation\\Exceptions\\Handler.php(594): Illuminate\\Foundation\\Exceptions\\Handler->renderExceptionResponse(Object(Illuminate\\Http\\Request), Object(Illuminate\\Contracts\\Container\\BindingResolutionException))
#15 D:\\الترم الخامس\\ITPM\\Project\\smart-campus-portal\\vendor\\laravel\\framework\\src\\Illuminate\\Foundation\\Bootstrap\\HandleExceptions.php(221): Illuminate\\Foundation\\Exceptions\\Handler->render(Object(Illuminate\\Http\\Request), Object(Illuminate\\Contracts\\Container\\BindingResolutionException))
#16 D:\\الترم الخامس\\ITPM\\Project\\smart-campus-portal\\vendor\\laravel\\framework\\src\\Illuminate\\Foundation\\Bootstrap\\HandleExceptions.php(198): Illuminate\\Foundation\\Bootstrap\\HandleExceptions->renderHttpResponse(Object(Illuminate\\Contracts\\Container\\BindingResolutionException))
#17 D:\\الترم الخامس\\ITPM\\Project\\smart-campus-portal\\vendor\\laravel\\framework\\src\\Illuminate\\Foundation\\Bootstrap\\HandleExceptions.php(258): Illuminate\\Foundation\\Bootstrap\\HandleExceptions->handleException(Object(Illuminate\\Contracts\\Container\\BindingResolutionException))
#18 [internal function]: Illuminate\\Foundation\\Bootstrap\\HandleExceptions->Illuminate\\Foundation\\Bootstrap\\{closure}(Object(Illuminate\\Contracts\\Container\\BindingResolutionException))
#19 {main}

Next Illuminate\\Contracts\\Container\\BindingResolutionException: Target class [view] does not exist. in D:\\الترم الخامس\\ITPM\\Project\\smart-campus-portal\\vendor\\laravel\\framework\\src\\Illuminate\\Container\\Container.php:961
Stack trace:
#0 D:\\الترم الخامس\\ITPM\\Project\\smart-campus-portal\\vendor\\laravel\\framework\\src\\Illuminate\\Container\\Container.php(832): Illuminate\\Container\\Container->build('view')
#1 D:\\الترم الخامس\\ITPM\\Project\\smart-campus-portal\\vendor\\laravel\\framework\\src\\Illuminate\\Foundation\\Application.php(1078): Illuminate\\Container\\Container->resolve('view', Array, true)
#2 D:\\الترم الخامس\\ITPM\\Project\\smart-campus-portal\\vendor\\laravel\\framework\\src\\Illuminate\\Container\\Container.php(763): Illuminate\\Foundation\\Application->resolve('view', Array)
#3 D:\\الترم الخامس\\ITPM\\Project\\smart-campus-portal\\vendor\\laravel\\framework\\src\\Illuminate\\Foundation\\Application.php(1058): Illuminate\\Container\\Container->make('view', Array)
#4 D:\\الترم الخامس\\ITPM\\Project\\smart-campus-portal\\vendor\\laravel\\framework\\src\\Illuminate\\Container\\Container.php(1580): Illuminate\\Foundation\\Application->make('view')
#5 D:\\الترم الخامس\\ITPM\\Project\\smart-campus-portal\\vendor\\laravel\\framework\\src\\Illuminate\\Support\\Facades\\Facade.php(239): Illuminate\\Container\\Container->offsetGet('view')
#6 D:\\الترم الخامس\\ITPM\\Project\\smart-campus-portal\\vendor\\laravel\\framework\\src\\Illuminate\\Support\\Facades\\Facade.php(210): Illuminate\\Support\\Facades\\Facade::resolveFacadeInstance('view')
#7 D:\\الترم الخامس\\ITPM\\Project\\smart-campus-portal\\vendor\\laravel\\framework\\src\\Illuminate\\Support\\Facades\\Facade.php(355): Illuminate\\Support\\Facades\\Facade::getFacadeRoot()
#8 D:\\الترم الخامس\\ITPM\\Project\\smart-campus-portal\\vendor\\laravel\\framework\\src\\Illuminate\\Foundation\\Exceptions\\RegisterErrorViewPaths.php(17): Illuminate\\Support\\Facades\\Facade::__callStatic('replaceNamespac...', Array)
#9 D:\\الترم الخامس\\ITPM\\Project\\smart-campus-portal\\vendor\\laravel\\framework\\src\\Illuminate\\Foundation\\Exceptions\\Handler.php(915): Illuminate\\Foundation\\Exceptions\\RegisterErrorViewPaths->__invoke()
#10 D:\\الترم الخامس\\ITPM\\Project\\smart-campus-portal\\vendor\\laravel\\framework\\src\\Illuminate\\Foundation\\Exceptions\\Handler.php(890): Illuminate\\Foundation\\Exceptions\\Handler->registerErrorViewPaths()
#11 D:\\الترم الخامس\\ITPM\\Project\\smart-campus-portal\\vendor\\laravel\\framework\\src\\Illuminate\\Foundation\\Exceptions\\Handler.php(815): Illuminate\\Foundation\\Exceptions\\Handler->renderHttpException(Object(Symfony\\Component\\HttpKernel\\Exception\\HttpException))
#12 D:\\الترم الخامس\\ITPM\\Project\\smart-campus-portal\\vendor\\laravel\\framework\\src\\Illuminate\\Foundation\\Exceptions\\Handler.php(706): Illuminate\\Foundation\\Exceptions\\Handler->prepareResponse(Object(Illuminate\\Http\\Request), Object(Symfony\\Component\\HttpKernel\\Exception\\HttpException))
#13 D:\\الترم الخامس\\ITPM\\Project\\smart-campus-portal\\vendor\\laravel\\framework\\src\\Illuminate\\Foundation\\Exceptions\\Handler.php(594): Illuminate\\Foundation\\Exceptions\\Handler->renderExceptionResponse(Object(Illuminate\\Http\\Request), Object(Illuminate\\Contracts\\Container\\BindingResolutionException))
#14 D:\\الترم الخامس\\ITPM\\Project\\smart-campus-portal\\vendor\\laravel\\framework\\src\\Illuminate\\Foundation\\Bootstrap\\HandleExceptions.php(221): Illuminate\\Foundation\\Exceptions\\Handler->render(Object(Illuminate\\Http\\Request), Object(Illuminate\\Contracts\\Container\\BindingResolutionException))
#15 D:\\الترم الخامس\\ITPM\\Project\\smart-campus-portal\\vendor\\laravel\\framework\\src\\Illuminate\\Foundation\\Bootstrap\\HandleExceptions.php(198): Illuminate\\Foundation\\Bootstrap\\HandleExceptions->renderHttpResponse(Object(Illuminate\\Contracts\\Container\\BindingResolutionException))
#16 D:\\الترم الخامس\\ITPM\\Project\\smart-campus-portal\\vendor\\laravel\\framework\\src\\Illuminate\\Foundation\\Bootstrap\\HandleExceptions.php(258): Illuminate\\Foundation\\Bootstrap\\HandleExceptions->handleException(Object(Illuminate\\Contracts\\Container\\BindingResolutionException))
#17 [internal function]: Illuminate\\Foundation\\Bootstrap\\HandleExceptions->Illuminate\\Foundation\\Bootstrap\\{closure}(Object(Illuminate\\Contracts\\Container\\BindingResolutionException))
#18 {main}
  thrown at D:/الترم الخامس/ITPM/Project/smart-campus-portal/vendor/laravel/framework/src/Illuminate/Container/Container.php:961)
[stacktrace]
#0 {main}
"} 
[2026-09-20 07:57:53] production.ERROR: The D:\الترم الخامس\ITPM\Project\smart-campus-portal\bootstrap\cache directory must be present and writable. {"exception":"[object] (Exception(code: 0): The D:\\الترم الخامس\\ITPM\\Project\\smart-campus-portal\\bootstrap\\cache directory must be present and writable. at D:/الترم الخامس/ITPM/Project/smart-campus-portal/vendor/laravel/framework/src/Illuminate/Foundation/PackageManifest.php:179)
[stacktrace]
#0 D:/الترم الخامس/ITPM/Project/smart-campus-portal/vendor/laravel/framework/src/Illuminate/Foundation/PackageManifest.php(132): Illuminate/Foundation/PackageManifest->write(Array)
#1 D:/الترم الخامس/ITPM/Project/smart-campus-portal/vendor/laravel/framework/src/Illuminate/Foundation/PackageManifest.php(108): Illuminate/Foundation/PackageManifest->build()
#2 D:/الترم الخامس/ITPM/Project/smart-campus-portal/vendor/laravel/framework/src/Illuminate/Foundation/PackageManifest.php(91): Illuminate/Foundation/PackageManifest->getManifest()
#3 D:/الترم الخامس/ITPM/Project/smart-campus-portal/vendor/laravel/framework/src/Illuminate/Foundation/PackageManifest.php(80): Illuminate/Foundation/PackageManifest->config('aliases')
#4 D:/الترم الخامس/ITPM/Project/smart-campus-portal/vendor/laravel/framework/src/Illuminate/Foundation/Bootstrap/RegisterFacades.php(26): Illuminate/Foundation/PackageManifest->aliases()
#5 D:/الترم الخامس/ITPM/Project/smart-campus-portal/vendor/laravel/framework/src/Illuminate/Foundation/Application.php(342): Illuminate/Foundation/Bootstrap/RegisterFacades->bootstrap(Object(Illuminate/Foundation/Application))
#6 D:/الترم الخامس/ITPM/Project/smart-campus-portal/vendor/laravel/framework/src/Illuminate/Foundation/Http/Kernel.php(187): Illuminate/Foundation/Application->bootstrapWith(Array)
#7 D:/الترم الخامس/ITPM/Project/smart-campus-portal/vendor/laravel/framework/src/Illuminate/Foundation/Http/Kernel.php(171): Illuminate/Foundation/Http/Kernel->bootstrap()
#8 D:/الترم الخامس/ITPM/Project/smart-campus-portal/vendor/laravel/framework/src/Illuminate/Foundation/Http/Kernel.php(145): Illuminate/Foundation/Http/Kernel->sendRequestThroughRouter(Object(Illuminate/Http/Request))
#9 D:/الترم الخامس/ITPM/Project/smart-campus-portal/public/index.php(19): Illuminate/Foundation/Http/Kernel->handle(Object(Illuminate/Http/Request))
#10 {main}
"} 
[2026-09-20 07:57:53] production.ERROR: Target class [view] does not exist. {"exception":"[object] (Illuminate\\Contracts\\Container\\BindingResolutionException(code: 0): Target class [view] does not exist. at D:/الترم الخامس/ITPM/Project/smart-campus-portal/vendor/laravel/framework/src/Illuminate/Container/Container.php:961)
[stacktrace]
#0 D:/الترم الخامس/ITPM/Project/smart-campus-portal/vendor/laravel/framework/src/Illuminate/Container/Container.php(832): Illuminate/Container/Container->build('view')
#1 D:/الترم الخامس/ITPM/Project/smart-campus-portal/vendor/laravel/framework/src/Illuminate/Foundation/Application.php(1078): Illuminate/Container/Container->resolve('view', Array, true)
#2 D:/الترم الخامس/ITPM/Project/smart-campus-portal/vendor/laravel/framework/src/Illuminate/Container/Container.php(763): Illuminate/Foundation/Application->resolve('view', Array)
#3 D:/الترم الخامس/ITPM/Project/smart-campus-portal/vendor/laravel/framework/src/Illuminate/Foundation/Application.php(1058): Illuminate/Container/Container->make('view', Array)
#4 D:/الترم الخامس/ITPM/Project/smart-campus-portal/vendor/laravel/framework/src/Illuminate/Container/Container.php(1580): Illuminate/Foundation/Application->make('view')
#5 D:/الترم الخامس/ITPM/Project/smart-campus-portal/vendor/laravel/framework/src/Illuminate/Support/Facades/Facade.php(239): Illuminate/Container/Container->offsetGet('view')
#6 D:/الترم الخامس/ITPM/Project/smart-campus-portal/vendor/laravel/framework/src/Illuminate/Support/Facades/Facade.php(210): Illuminate/Support/Facades/Facade::resolveFacadeInstance('view')
#7 D:/الترم الخامس/ITPM/Project/smart-campus-portal/vendor/laravel/framework/src/Illuminate/Support/Facades/Facade.php(355): Illuminate/Support/Facades/Facade::getFacadeRoot()
#8 D:/الترم الخامس/ITPM/Project/smart-campus-portal/vendor/laravel/framework/src/Illuminate/Foundation/Exceptions/RegisterErrorViewPaths.php(17): Illuminate/Support/Facades/Facade::__callStatic('replaceNamespac...', Array)
#9 D:/الترم الخامس/ITPM/Project/smart-campus-portal/vendor/laravel/framework/src/Illuminate/Foundation/Exceptions/Handler.php(915): Illuminate/Foundation/Exceptions/RegisterErrorViewPaths->__invoke()
#10 D:/الترم الخامس/ITPM/Project/smart-campus-portal/vendor/laravel/framework/src/Illuminate/Foundation/Exceptions/Handler.php(890): Illuminate/Foundation/Exceptions/Handler->registerErrorViewPaths()
#11 D:/الترم الخامس/ITPM/Project/smart-campus-portal/vendor/laravel/framework/src/Illuminate/Foundation/Exceptions/Handler.php(815): Illuminate/Foundation/Exceptions/Handler->renderHttpException(Object(Symfony/Component/HttpKernel/Exception/HttpException))
#12 D:/الترم الخامس/ITPM/Project/smart-campus-portal/vendor/laravel/framework/src/Illuminate/Foundation/Exceptions/Handler.php(706): Illuminate/Foundation/Exceptions/Handler->prepareResponse(Object(Illuminate/Http/Request), Object(Symfony/Component/HttpKernel/Exception/HttpException))
#13 D:/الترم الخامس/ITPM/Project/smart-campus-portal/vendor/laravel/framework/src/Illuminate/Foundation/Exceptions/Handler.php(594): Illuminate/Foundation/Exceptions/Handler->renderExceptionResponse(Object(Illuminate/Http/Request), Object(Exception))
#14 D:/الترم الخامس/ITPM/Project/smart-campus-portal/vendor/laravel/framework/src/Illuminate/Foundation/Http/Kernel.php(575): Illuminate/Foundation/Exceptions/Handler->render(Object(Illuminate/Http/Request), Object(Exception))
#15 D:/الترم الخامس/ITPM/Project/smart-campus-portal/vendor/laravel/framework/src/Illuminate/Foundation/Http/Kernel.php(149): Illuminate/Foundation/Http/Kernel->renderException(Object(Illuminate/Http/Request), Object(Exception))
#16 D:/الترم الخامس/ITPM/Project/smart-campus-portal/public/index.php(19): Illuminate/Foundation/Http/Kernel->handle(Object(Illuminate/Http/Request))
#17 {main}

[previous exception] [object] (ReflectionException(code: -1): Class \"view\" does not exist at D:/الترم الخامس/ITPM/Project/smart-campus-portal/vendor/laravel/framework/src/Illuminate/Container/Container.php:959)
[stacktrace]
#0 D:/الترم الخامس/ITPM/Project/smart-campus-portal/vendor/laravel/framework/src/Illuminate/Container/Container.php(959): ReflectionClass->__construct('view')
#1 D:/الترم الخامس/ITPM/Project/smart-campus-portal/vendor/laravel/framework/src/Illuminate/Container/Container.php(832): Illuminate/Container/Container->build('view')
#2 D:/الترم الخامس/ITPM/Project/smart-campus-portal/vendor/laravel/framework/src/Illuminate/Foundation/Application.php(1078): Illuminate/Container/Container->resolve('view', Array, true)
#3 D:/الترم الخامس/ITPM/Project/smart-campus-portal/vendor/laravel/framework/src/Illuminate/Container/Container.php(763): Illuminate/Foundation/Application->resolve('view', Array)
#4 D:/الترم الخامس/ITPM/Project/smart-campus-portal/vendor/laravel/framework/src/Illuminate/Foundation/Application.php(1058): Illuminate/Container/Container->make('view', Array)
#5 D:/الترم الخامس/ITPM/Project/smart-campus-portal/vendor/laravel/framework/src/Illuminate/Container/Container.php(1580): Illuminate/Foundation/Application->make('view')
#6 D:/الترم الخامس/ITPM/Project/smart-campus-portal/vendor/laravel/framework/src/Illuminate/Support/Facades/Facade.php(239): Illuminate/Container/Container->offsetGet('view')
#7 D:/الترم الخامس/ITPM/Project/smart-campus-portal/vendor/laravel/framework/src/Illuminate/Support/Facades/Facade.php(210): Illuminate/Support/Facades/Facade::resolveFacadeInstance('view')
#8 D:/الترم الخامس/ITPM/Project/smart-campus-portal/vendor/laravel/framework/src/Illuminate/Support/Facades/Facade.php(355): Illuminate/Support/Facades/Facade::getFacadeRoot()
#9 D:/الترم الخامس/ITPM/Project/smart-campus-portal/vendor/laravel/framework/src/Illuminate/Foundation/Exceptions/RegisterErrorViewPaths.php(17): Illuminate/Support/Facades/Facade::__callStatic('replaceNamespac...', Array)
#10 D:/الترم الخامس/ITPM/Project/smart-campus-portal/vendor/laravel/framework/src/Illuminate/Foundation/Exceptions/Handler.php(915): Illuminate/Foundation/Exceptions/RegisterErrorViewPaths->__invoke()
#11 D:/الترم الخامس/ITPM/Project/smart-campus-portal/vendor/laravel/framework/src/Illuminate/Foundation/Exceptions/Handler.php(890): Illuminate/Foundation/Exceptions/Handler->registerErrorViewPaths()
#12 D:/الترم الخامس/ITPM/Project/smart-campus-portal/vendor/laravel/framework/src/Illuminate/Foundation/Exceptions/Handler.php(815): Illuminate/Foundation/Exceptions/Handler->renderHttpException(Object(Symfony/Component/HttpKernel/Exception/HttpException))
#13 D:/الترم الخامس/ITPM/Project/smart-campus-portal/vendor/laravel/framework/src/Illuminate/Foundation/Exceptions/Handler.php(706): Illuminate/Foundation/Exceptions/Handler->prepareResponse(Object(Illuminate/Http/Request), Object(Symfony/Component/HttpKernel/Exception/HttpException))
#14 D:/الترم الخامس/ITPM/Project/smart-campus-portal/vendor/laravel/framework/src/Illuminate/Foundation/Exceptions/Handler.php(594): Illuminate/Foundation/Exceptions/Handler->renderExceptionResponse(Object(Illuminate/Http/Request), Object(Exception))
#15 D:/الترم الخامس/ITPM/Project/smart-campus-portal/vendor/laravel/framework/src/Illuminate/Foundation/Http/Kernel.php(575): Illuminate/Foundation/Exceptions/Handler->render(Object(Illuminate/Http/Request), Object(Exception))
#16 D:/الترم الخامس/ITPM/Project/smart-campus-portal/vendor/laravel/framework/src/Illuminate/Foundation/Http/Kernel.php(149): Illuminate/Foundation/Http/Kernel->renderException(Object(Illuminate/Http/Request), Object(Exception))
#17 D:/الترم الخامس/ITPM/Project/smart-campus-portal/public/index.php(19): Illuminate/Foundation/Http/Kernel->handle(Object(Illuminate/Http/Request))
#18 {main}
"} 
[2026-09-20 07:57:53] production.ERROR: Uncaught ReflectionException: Class "view" does not exist in D:\الترم الخامس\ITPM\Project\smart-campus-portal\vendor\laravel\framework\src\Illuminate\Container\Container.php:959
Stack trace:
#0 D:\الترم الخامس\ITPM\Project\smart-campus-portal\vendor\laravel\framework\src\Illuminate\Container\Container.php(959): ReflectionClass->__construct('view')
#1 D:\الترم الخامس\ITPM\Project\smart-campus-portal\vendor\laravel\framework\src\Illuminate\Container\Container.php(832): Illuminate\Container\Container->build('view')
#2 D:\الترم الخامس\ITPM\Project\smart-campus-portal\vendor\laravel\framework\src\Illuminate\Foundation\Application.php(1078): Illuminate\Container\Container->resolve('view', Array, true)
#3 D:\الترم الخامس\ITPM\Project\smart-campus-portal\vendor\laravel\framework\src\Illuminate\Container\Container.php(763): Illuminate\Foundation\Application->resolve('view', Array)
#4 D:\الترم الخامس\ITPM\Project\smart-campus-portal\vendor\laravel\framework\src\Illuminate\Foundation\Application.php(1058): Illuminate\Container\Container->make('view', Array)
#5 D:\الترم الخامس\ITPM\Project\smart-campus-portal\vendor\laravel\framework\src\Illuminate\Container\Container.php(1580): Illuminate\Foundation\Application->make('view')
#6 D:\الترم الخامس\ITPM\Project\smart-campus-portal\vendor\laravel\framework\src\Illuminate\Support\Facades\Facade.php(239): Illuminate\Container\Container->offsetGet('view')
#7 D:\الترم الخامس\ITPM\Project\smart-campus-portal\vendor\laravel\framework\src\Illuminate\Support\Facades\Facade.php(210): Illuminate\Support\Facades\Facade::resolveFacadeInstance('view')
#8 D:\الترم الخامس\ITPM\Project\smart-campus-portal\vendor\laravel\framework\src\Illuminate\Support\Facades\Facade.php(355): Illuminate\Support\Facades\Facade::getFacadeRoot()
#9 D:\الترم الخامس\ITPM\Project\smart-campus-portal\vendor\laravel\framework\src\Illuminate\Foundation\Exceptions\RegisterErrorViewPaths.php(17): Illuminate\Support\Facades\Facade::__callStatic('replaceNamespac...', Array)
#10 D:\الترم الخامس\ITPM\Project\smart-campus-portal\vendor\laravel\framework\src\Illuminate\Foundation\Exceptions\Handler.php(915): Illuminate\Foundation\Exceptions\RegisterErrorViewPaths->__invoke()
#11 D:\الترم الخامس\ITPM\Project\smart-campus-portal\vendor\laravel\framework\src\Illuminate\Foundation\Exceptions\Handler.php(890): Illuminate\Foundation\Exceptions\Handler->registerErrorViewPaths()
#12 D:\الترم الخامس\ITPM\Project\smart-campus-portal\vendor\laravel\framework\src\Illuminate\Foundation\Exceptions\Handler.php(815): Illuminate\Foundation\Exceptions\Handler->renderHttpException(Object(Symfony\Component\HttpKernel\Exception\HttpException))
#13 D:\الترم الخامس\ITPM\Project\smart-campus-portal\vendor\laravel\framework\src\Illuminate\Foundation\Exceptions\Handler.php(706): Illuminate\Foundation\Exceptions\Handler->prepareResponse(Object(Illuminate\Http\Request), Object(Symfony\Component\HttpKernel\Exception\HttpException))
#14 D:\الترم الخامس\ITPM\Project\smart-campus-portal\vendor\laravel\framework\src\Illuminate\Foundation\Exceptions\Handler.php(594): Illuminate\Foundation\Exceptions\Handler->renderExceptionResponse(Object(Illuminate\Http\Request), Object(Illuminate\Contracts\Container\BindingResolutionException))
#15 D:\الترم الخامس\ITPM\Project\smart-campus-portal\vendor\laravel\framework\src\Illuminate\Foundation\Bootstrap\HandleExceptions.php(221): Illuminate\Foundation\Exceptions\Handler->render(Object(Illuminate\Http\Request), Object(Illuminate\Contracts\Container\BindingResolutionException))
#16 D:\الترم الخامس\ITPM\Project\smart-campus-portal\vendor\laravel\framework\src\Illuminate\Foundation\Bootstrap\HandleExceptions.php(198): Illuminate\Foundation\Bootstrap\HandleExceptions->renderHttpResponse(Object(Illuminate\Contracts\Container\BindingResolutionException))
#17 D:\الترم الخامس\ITPM\Project\smart-campus-portal\vendor\laravel\framework\src\Illuminate\Foundation\Bootstrap\HandleExceptions.php(258): Illuminate\Foundation\Bootstrap\HandleExceptions->handleException(Object(Illuminate\Contracts\Container\BindingResolutionException))
#18 [internal function]: Illuminate\Foundation\Bootstrap\HandleExceptions->Illuminate\Foundation\Bootstrap\{closure}(Object(Illuminate\Contracts\Container\BindingResolutionException))
#19 {main}

Next Illuminate\Contracts\Container\BindingResolutionException: Target class [view] does not exist. in D:\الترم الخامس\ITPM\Project\smart-campus-portal\vendor\laravel\framework\src\Illuminate\Container\Container.php:961
Stack trace:
#0 D:\الترم الخامس\ITPM\Project\smart-campus-portal\vendor\laravel\framework\src\Illuminate\Container\Container.php(832): Illuminate\Container\Container->build('view')
#1 D:\الترم الخامس\ITPM\Project\smart-campus-portal\vendor\laravel\framework\src\Illuminate\Foundation\Application.php(1078): Illuminate\Container\Container->resolve('view', Array, true)
#2 D:\الترم الخامس\ITPM\Project\smart-campus-portal\vendor\laravel\framework\src\Illuminate\Container\Container.php(763): Illuminate\Foundation\Application->resolve('view', Array)
#3 D:\الترم الخامس\ITPM\Project\smart-campus-portal\vendor\laravel\framework\src\Illuminate\Foundation\Application.php(1058): Illuminate\Container\Container->make('view', Array)
#4 D:\الترم الخامس\ITPM\Project\smart-campus-portal\vendor\laravel\framework\src\Illuminate\Container\Container.php(1580): Illuminate\Foundation\Application->make('view')
#5 D:\الترم الخامس\ITPM\Project\smart-campus-portal\vendor\laravel\framework\src\Illuminate\Support\Facades\Facade.php(239): Illuminate\Container\Container->offsetGet('view')
#6 D:\الترم الخامس\ITPM\Project\smart-campus-portal\vendor\laravel\framework\src\Illuminate\Support\Facades\Facade.php(210): Illuminate\Support\Facades\Facade::resolveFacadeInstance('view')
#7 D:\الترم الخامس\ITPM\Project\smart-campus-portal\vendor\laravel\framework\src\Illuminate\Support\Facades\Facade.php(355): Illuminate\Support\Facades\Facade::getFacadeRoot()
#8 D:\الترم الخامس\ITPM\Project\smart-campus-portal\vendor\laravel\framework\src\Illuminate\Foundation\Exceptions\RegisterErrorViewPaths.php(17): Illuminate\Support\Facades\Facade::__callStatic('replaceNamespac...', Array)
#9 D:\الترم الخامس\ITPM\Project\smart-campus-portal\vendor\laravel\framework\src\Illuminate\Foundation\Exceptions\Handler.php(915): Illuminate\Foundation\Exceptions\RegisterErrorViewPaths->__invoke()
#10 D:\الترم الخامس\ITPM\Project\smart-campus-portal\vendor\laravel\framework\src\Illuminate\Foundation\Exceptions\Handler.php(890): Illuminate\Foundation\Exceptions\Handler->registerErrorViewPaths()
#11 D:\الترم الخامس\ITPM\Project\smart-campus-portal\vendor\laravel\framework\src\Illuminate\Foundation\Exceptions\Handler.php(815): Illuminate\Foundation\Exceptions\Handler->renderHttpException(Object(Symfony\Component\HttpKernel\Exception\HttpException))
#12 D:\الترم الخامس\ITPM\Project\smart-campus-portal\vendor\laravel\framework\src\Illuminate\Foundation\Exceptions\Handler.php(706): Illuminate\Foundation\Exceptions\Handler->prepareResponse(Object(Illuminate\Http\Request), Object(Symfony\Component\HttpKernel\Exception\HttpException))
#13 D:\الترم الخامس\ITPM\Project\smart-campus-portal\vendor\laravel\framework\src\Illuminate\Foundation\Exceptions\Handler.php(594): Illuminate\Foundation\Exceptions\Handler->renderExceptionResponse(Object(Illuminate\Http\Request), Object(Illuminate\Contracts\Container\BindingResolutionException))
#14 D:\الترم الخامس\ITPM\Project\smart-campus-portal\vendor\laravel\framework\src\Illuminate\Foundation\Bootstrap\HandleExceptions.php(221): Illuminate\Foundation\Exceptions\Handler->render(Object(Illuminate\Http\Request), Object(Illuminate\Contracts\Container\BindingResolutionException))
#15 D:\الترم الخامس\ITPM\Project\smart-campus-portal\vendor\laravel\framework\src\Illuminate\Foundation\Bootstrap\HandleExceptions.php(198): Illuminate\Foundation\Bootstrap\HandleExceptions->renderHttpResponse(Object(Illuminate\Contracts\Container\BindingResolutionException))
#16 D:\الترم الخامس\ITPM\Project\smart-campus-portal\vendor\laravel\framework\src\Illuminate\Foundation\Bootstrap\HandleExceptions.php(258): Illuminate\Foundation\Bootstrap\HandleExceptions->handleException(Object(Illuminate\Contracts\Container\BindingResolutionException))
#17 [internal function]: Illuminate\Foundation\Bootstrap\HandleExceptions->Illuminate\Foundation\Bootstrap\{closure}(Object(Illuminate\Contracts\Container\BindingResolutionException))
#18 {main}
  thrown {"exception":"[object] (Symfony\\Component\\ErrorHandler\\Error\\FatalError(code: 0): Uncaught ReflectionException: Class \"view\" does not exist in D:\\الترم الخامس\\ITPM\\Project\\smart-campus-portal\\vendor\\laravel\\framework\\src\\Illuminate\\Container\\Container.php:959
Stack trace:
#0 D:\\الترم الخامس\\ITPM\\Project\\smart-campus-portal\\vendor\\laravel\\framework\\src\\Illuminate\\Container\\Container.php(959): ReflectionClass->__construct('view')
#1 D:\\الترم الخامس\\ITPM\\Project\\smart-campus-portal\\vendor\\laravel\\framework\\src\\Illuminate\\Container\\Container.php(832): Illuminate\\Container\\Container->build('view')
#2 D:\\الترم الخامس\\ITPM\\Project\\smart-campus-portal\\vendor\\laravel\\framework\\src\\Illuminate\\Foundation\\Application.php(1078): Illuminate\\Container\\Container->resolve('view', Array, true)
#3 D:\\الترم الخامس\\ITPM\\Project\\smart-campus-portal\\vendor\\laravel\\framework\\src\\Illuminate\\Container\\Container.php(763): Illuminate\\Foundation\\Application->resolve('view', Array)
#4 D:\\الترم الخامس\\ITPM\\Project\\smart-campus-portal\\vendor\\laravel\\framework\\src\\Illuminate\\Foundation\\Application.php(1058): Illuminate\\Container\\Container->make('view', Array)
#5 D:\\الترم الخامس\\ITPM\\Project\\smart-campus-portal\\vendor\\laravel\\framework\\src\\Illuminate\\Container\\Container.php(1580): Illuminate\\Foundation\\Application->make('view')
#6 D:\\الترم الخامس\\ITPM\\Project\\smart-campus-portal\\vendor\\laravel\\framework\\src\\Illuminate\\Support\\Facades\\Facade.php(239): Illuminate\\Container\\Container->offsetGet('view')
#7 D:\\الترم الخامس\\ITPM\\Project\\smart-campus-portal\\vendor\\laravel\\framework\\src\\Illuminate\\Support\\Facades\\Facade.php(210): Illuminate\\Support\\Facades\\Facade::resolveFacadeInstance('view')
#8 D:\\الترم الخامس\\ITPM\\Project\\smart-campus-portal\\vendor\\laravel\\framework\\src\\Illuminate\\Support\\Facades\\Facade.php(355): Illuminate\\Support\\Facades\\Facade::getFacadeRoot()
#9 D:\\الترم الخامس\\ITPM\\Project\\smart-campus-portal\\vendor\\laravel\\framework\\src\\Illuminate\\Foundation\\Exceptions\\RegisterErrorViewPaths.php(17): Illuminate\\Support\\Facades\\Facade::__callStatic('replaceNamespac...', Array)
#10 D:\\الترم الخامس\\ITPM\\Project\\smart-campus-portal\\vendor\\laravel\\framework\\src\\Illuminate\\Foundation\\Exceptions\\Handler.php(915): Illuminate\\Foundation\\Exceptions\\RegisterErrorViewPaths->__invoke()
#11 D:\\الترم الخامس\\ITPM\\Project\\smart-campus-portal\\vendor\\laravel\\framework\\src\\Illuminate\\Foundation\\Exceptions\\Handler.php(890): Illuminate\\Foundation\\Exceptions\\Handler->registerErrorViewPaths()
#12 D:\\الترم الخامس\\ITPM\\Project\\smart-campus-portal\\vendor\\laravel\\framework\\src\\Illuminate\\Foundation\\Exceptions\\Handler.php(815): Illuminate\\Foundation\\Exceptions\\Handler->renderHttpException(Object(Symfony\\Component\\HttpKernel\\Exception\\HttpException))
#13 D:\\الترم الخامس\\ITPM\\Project\\smart-campus-portal\\vendor\\laravel\\framework\\src\\Illuminate\\Foundation\\Exceptions\\Handler.php(706): Illuminate\\Foundation\\Exceptions\\Handler->prepareResponse(Object(Illuminate\\Http\\Request), Object(Symfony\\Component\\HttpKernel\\Exception\\HttpException))
#14 D:\\الترم الخامس\\ITPM\\Project\\smart-campus-portal\\vendor\\laravel\\framework\\src\\Illuminate\\Foundation\\Exceptions\\Handler.php(594): Illuminate\\Foundation\\Exceptions\\Handler->renderExceptionResponse(Object(Illuminate\\Http\\Request), Object(Illuminate\\Contracts\\Container\\BindingResolutionException))
#15 D:\\الترم الخامس\\ITPM\\Project\\smart-campus-portal\\vendor\\laravel\\framework\\src\\Illuminate\\Foundation\\Bootstrap\\HandleExceptions.php(221): Illuminate\\Foundation\\Exceptions\\Handler->render(Object(Illuminate\\Http\\Request), Object(Illuminate\\Contracts\\Container\\BindingResolutionException))
#16 D:\\الترم الخامس\\ITPM\\Project\\smart-campus-portal\\vendor\\laravel\\framework\\src\\Illuminate\\Foundation\\Bootstrap\\HandleExceptions.php(198): Illuminate\\Foundation\\Bootstrap\\HandleExceptions->renderHttpResponse(Object(Illuminate\\Contracts\\Container\\BindingResolutionException))
#17 D:\\الترم الخامس\\ITPM\\Project\\smart-campus-portal\\vendor\\laravel\\framework\\src\\Illuminate\\Foundation\\Bootstrap\\HandleExceptions.php(258): Illuminate\\Foundation\\Bootstrap\\HandleExceptions->handleException(Object(Illuminate\\Contracts\\Container\\BindingResolutionException))
#18 [internal function]: Illuminate\\Foundation\\Bootstrap\\HandleExceptions->Illuminate\\Foundation\\Bootstrap\\{closure}(Object(Illuminate\\Contracts\\Container\\BindingResolutionException))
#19 {main}

Next Illuminate\\Contracts\\Container\\BindingResolutionException: Target class [view] does not exist. in D:\\الترم الخامس\\ITPM\\Project\\smart-campus-portal\\vendor\\laravel\\framework\\src\\Illuminate\\Container\\Container.php:961
Stack trace:
#0 D:\\الترم الخامس\\ITPM\\Project\\smart-campus-portal\\vendor\\laravel\\framework\\src\\Illuminate\\Container\\Container.php(832): Illuminate\\Container\\Container->build('view')
#1 D:\\الترم الخامس\\ITPM\\Project\\smart-campus-portal\\vendor\\laravel\\framework\\src\\Illuminate\\Foundation\\Application.php(1078): Illuminate\\Container\\Container->resolve('view', Array, true)
#2 D:\\الترم الخامس\\ITPM\\Project\\smart-campus-portal\\vendor\\laravel\\framework\\src\\Illuminate\\Container\\Container.php(763): Illuminate\\Foundation\\Application->resolve('view', Array)
#3 D:\\الترم الخامس\\ITPM\\Project\\smart-campus-portal\\vendor\\laravel\\framework\\src\\Illuminate\\Foundation\\Application.php(1058): Illuminate\\Container\\Container->make('view', Array)
#4 D:\\الترم الخامس\\ITPM\\Project\\smart-campus-portal\\vendor\\laravel\\framework\\src\\Illuminate\\Container\\Container.php(1580): Illuminate\\Foundation\\Application->make('view')
#5 D:\\الترم الخامس\\ITPM\\Project\\smart-campus-portal\\vendor\\laravel\\framework\\src\\Illuminate\\Support\\Facades\\Facade.php(239): Illuminate\\Container\\Container->offsetGet('view')
#6 D:\\الترم الخامس\\ITPM\\Project\\smart-campus-portal\\vendor\\laravel\\framework\\src\\Illuminate\\Support\\Facades\\Facade.php(210): Illuminate\\Support\\Facades\\Facade::resolveFacadeInstance('view')
#7 D:\\الترم الخامس\\ITPM\\Project\\smart-campus-portal\\vendor\\laravel\\framework\\src\\Illuminate\\Support\\Facades\\Facade.php(355): Illuminate\\Support\\Facades\\Facade::getFacadeRoot()
#8 D:\\الترم الخامس\\ITPM\\Project\\smart-campus-portal\\vendor\\laravel\\framework\\src\\Illuminate\\Foundation\\Exceptions\\RegisterErrorViewPaths.php(17): Illuminate\\Support\\Facades\\Facade::__callStatic('replaceNamespac...', Array)
#9 D:\\الترم الخامس\\ITPM\\Project\\smart-campus-portal\\vendor\\laravel\\framework\\src\\Illuminate\\Foundation\\Exceptions\\Handler.php(915): Illuminate\\Foundation\\Exceptions\\RegisterErrorViewPaths->__invoke()
#10 D:\\الترم الخامس\\ITPM\\Project\\smart-campus-portal\\vendor\\laravel\\framework\\src\\Illuminate\\Foundation\\Exceptions\\Handler.php(890): Illuminate\\Foundation\\Exceptions\\Handler->registerErrorViewPaths()
#11 D:\\الترم الخامس\\ITPM\\Project\\smart-campus-portal\\vendor\\laravel\\framework\\src\\Illuminate\\Foundation\\Exceptions\\Handler.php(815): Illuminate\\Foundation\\Exceptions\\Handler->renderHttpException(Object(Symfony\\Component\\HttpKernel\\Exception\\HttpException))
#12 D:\\الترم الخامس\\ITPM\\Project\\smart-campus-portal\\vendor\\laravel\\framework\\src\\Illuminate\\Foundation\\Exceptions\\Handler.php(706): Illuminate\\Foundation\\Exceptions\\Handler->prepareResponse(Object(Illuminate\\Http\\Request), Object(Symfony\\Component\\HttpKernel\\Exception\\HttpException))
#13 D:\\الترم الخامس\\ITPM\\Project\\smart-campus-portal\\vendor\\laravel\\framework\\src\\Illuminate\\Foundation\\Exceptions\\Handler.php(594): Illuminate\\Foundation\\Exceptions\\Handler->renderExceptionResponse(Object(Illuminate\\Http\\Request), Object(Illuminate\\Contracts\\Container\\BindingResolutionException))
#14 D:\\الترم الخامس\\ITPM\\Project\\smart-campus-portal\\vendor\\laravel\\framework\\src\\Illuminate\\Foundation\\Bootstrap\\HandleExceptions.php(221): Illuminate\\Foundation\\Exceptions\\Handler->render(Object(Illuminate\\Http\\Request), Object(Illuminate\\Contracts\\Container\\BindingResolutionException))
#15 D:\\الترم الخامس\\ITPM\\Project\\smart-campus-portal\\vendor\\laravel\\framework\\src\\Illuminate\\Foundation\\Bootstrap\\HandleExceptions.php(198): Illuminate\\Foundation\\Bootstrap\\HandleExceptions->renderHttpResponse(Object(Illuminate\\Contracts\\Container\\BindingResolutionException))
#16 D:\\الترم الخامس\\ITPM\\Project\\smart-campus-portal\\vendor\\laravel\\framework\\src\\Illuminate\\Foundation\\Bootstrap\\HandleExceptions.php(258): Illuminate\\Foundation\\Bootstrap\\HandleExceptions->handleException(Object(Illuminate\\Contracts\\Container\\BindingResolutionException))
#17 [internal function]: Illuminate\\Foundation\\Bootstrap\\HandleExceptions->Illuminate\\Foundation\\Bootstrap\\{closure}(Object(Illuminate\\Contracts\\Container\\BindingResolutionException))
#18 {main}
  thrown at D:/الترم الخامس/ITPM/Project/smart-campus-portal/vendor/laravel/framework/src/Illuminate/Container/Container.php:961)
[stacktrace]
#0 {main}
"} 
[2026-09-20 07:58:17] production.ERROR: The D:\الترم الخامس\ITPM\Project\smart-campus-portal\bootstrap\cache directory must be present and writable. {"exception":"[object] (Exception(code: 0): The D:\\الترم الخامس\\ITPM\\Project\\smart-campus-portal\\bootstrap\\cache directory must be present and writable. at D:/الترم الخامس/ITPM/Project/smart-campus-portal/vendor/laravel/framework/src/Illuminate/Foundation/PackageManifest.php:179)
[stacktrace]
#0 D:/الترم الخامس/ITPM/Project/smart-campus-portal/vendor/laravel/framework/src/Illuminate/Foundation/PackageManifest.php(132): Illuminate/Foundation/PackageManifest->write(Array)
#1 D:/الترم الخامس/ITPM/Project/smart-campus-portal/vendor/laravel/framework/src/Illuminate/Foundation/PackageManifest.php(108): Illuminate/Foundation/PackageManifest->build()
#2 D:/الترم الخامس/ITPM/Project/smart-campus-portal/vendor/laravel/framework/src/Illuminate/Foundation/PackageManifest.php(91): Illuminate/Foundation/PackageManifest->getManifest()
#3 D:/الترم الخامس/ITPM/Project/smart-campus-portal/vendor/laravel/framework/src/Illuminate/Foundation/PackageManifest.php(80): Illuminate/Foundation/PackageManifest->config('aliases')
#4 D:/الترم الخامس/ITPM/Project/smart-campus-portal/vendor/laravel/framework/src/Illuminate/Foundation/Bootstrap/RegisterFacades.php(26): Illuminate/Foundation/PackageManifest->aliases()
#5 D:/الترم الخامس/ITPM/Project/smart-campus-portal/vendor/laravel/framework/src/Illuminate/Foundation/Application.php(342): Illuminate/Foundation/Bootstrap/RegisterFacades->bootstrap(Object(Illuminate/Foundation/Application))
#6 D:/الترم الخامس/ITPM/Project/smart-campus-portal/vendor/laravel/framework/src/Illuminate/Foundation/Http/Kernel.php(187): Illuminate/Foundation/Application->bootstrapWith(Array)
#7 D:/الترم الخامس/ITPM/Project/smart-campus-portal/vendor/laravel/framework/src/Illuminate/Foundation/Http/Kernel.php(171): Illuminate/Foundation/Http/Kernel->bootstrap()
#8 D:/الترم الخامس/ITPM/Project/smart-campus-portal/vendor/laravel/framework/src/Illuminate/Foundation/Http/Kernel.php(145): Illuminate/Foundation/Http/Kernel->sendRequestThroughRouter(Object(Illuminate/Http/Request))
#9 D:/الترم الخامس/ITPM/Project/smart-campus-portal/public/index.php(19): Illuminate/Foundation/Http/Kernel->handle(Object(Illuminate/Http/Request))
#10 {main}
"} 
[2026-09-20 07:58:17] production.ERROR: Target class [view] does not exist. {"exception":"[object] (Illuminate\\Contracts\\Container\\BindingResolutionException(code: 0): Target class [view] does not exist. at D:/الترم الخامس/ITPM/Project/smart-campus-portal/vendor/laravel/framework/src/Illuminate/Container/Container.php:961)
[stacktrace]
#0 D:/الترم الخامس/ITPM/Project/smart-campus-portal/vendor/laravel/framework/src/Illuminate/Container/Container.php(832): Illuminate/Container/Container->build('view')
#1 D:/الترم الخامس/ITPM/Project/smart-campus-portal/vendor/laravel/framework/src/Illuminate/Foundation/Application.php(1078): Illuminate/Container/Container->resolve('view', Array, true)
#2 D:/الترم الخامس/ITPM/Project/smart-campus-portal/vendor/laravel/framework/src/Illuminate/Container/Container.php(763): Illuminate/Foundation/Application->resolve('view', Array)
#3 D:/الترم الخامس/ITPM/Project/smart-campus-portal/vendor/laravel/framework/src/Illuminate/Foundation/Application.php(1058): Illuminate/Container/Container->make('view', Array)
#4 D:/الترم الخامس/ITPM/Project/smart-campus-portal/vendor/laravel/framework/src/Illuminate/Container/Container.php(1580): Illuminate/Foundation/Application->make('view')
#5 D:/الترم الخامس/ITPM/Project/smart-campus-portal/vendor/laravel/framework/src/Illuminate/Support/Facades/Facade.php(239): Illuminate/Container/Container->offsetGet('view')
#6 D:/الترم الخامس/ITPM/Project/smart-campus-portal/vendor/laravel/framework/src/Illuminate/Support/Facades/Facade.php(210): Illuminate/Support/Facades/Facade::resolveFacadeInstance('view')
#7 D:/الترم الخامس/ITPM/Project/smart-campus-portal/vendor/laravel/framework/src/Illuminate/Support/Facades/Facade.php(355): Illuminate/Support/Facades/Facade::getFacadeRoot()
#8 D:/الترم الخامس/ITPM/Project/smart-campus-portal/vendor/laravel/framework/src/Illuminate/Foundation/Exceptions/RegisterErrorViewPaths.php(17): Illuminate/Support/Facades/Facade::__callStatic('replaceNamespac...', Array)
#9 D:/الترم الخامس/ITPM/Project/smart-campus-portal/vendor/laravel/framework/src/Illuminate/Foundation/Exceptions/Handler.php(915): Illuminate/Foundation/Exceptions/RegisterErrorViewPaths->__invoke()
#10 D:/الترم الخامس/ITPM/Project/smart-campus-portal/vendor/laravel/framework/src/Illuminate/Foundation/Exceptions/Handler.php(890): Illuminate/Foundation/Exceptions/Handler->registerErrorViewPaths()
#11 D:/الترم الخامس/ITPM/Project/smart-campus-portal/vendor/laravel/framework/src/Illuminate/Foundation/Exceptions/Handler.php(815): Illuminate/Foundation/Exceptions/Handler->renderHttpException(Object(Symfony/Component/HttpKernel/Exception/HttpException))
#12 D:/الترم الخامس/ITPM/Project/smart-campus-portal/vendor/laravel/framework/src/Illuminate/Foundation/Exceptions/Handler.php(706): Illuminate/Foundation/Exceptions/Handler->prepareResponse(Object(Illuminate/Http/Request), Object(Symfony/Component/HttpKernel/Exception/HttpException))
#13 D:/الترم الخامس/ITPM/Project/smart-campus-portal/vendor/laravel/framework/src/Illuminate/Foundation/Exceptions/Handler.php(594): Illuminate/Foundation/Exceptions/Handler->renderExceptionResponse(Object(Illuminate/Http/Request), Object(Exception))
#14 D:/الترم الخامس/ITPM/Project/smart-campus-portal/vendor/laravel/framework/src/Illuminate/Foundation/Http/Kernel.php(575): Illuminate/Foundation/Exceptions/Handler->render(Object(Illuminate/Http/Request), Object(Exception))
#15 D:/الترم الخامس/ITPM/Project/smart-campus-portal/vendor/laravel/framework/src/Illuminate/Foundation/Http/Kernel.php(149): Illuminate/Foundation/Http/Kernel->renderException(Object(Illuminate/Http/Request), Object(Exception))
#16 D:/الترم الخامس/ITPM/Project/smart-campus-portal/public/index.php(19): Illuminate/Foundation/Http/Kernel->handle(Object(Illuminate/Http/Request))
#17 {main}

[previous exception] [object] (ReflectionException(code: -1): Class \"view\" does not exist at D:/الترم الخامس/ITPM/Project/smart-campus-portal/vendor/laravel/framework/src/Illuminate/Container/Container.php:959)
[stacktrace]
#0 D:/الترم الخامس/ITPM/Project/smart-campus-portal/vendor/laravel/framework/src/Illuminate/Container/Container.php(959): ReflectionClass->__construct('view')
#1 D:/الترم الخامس/ITPM/Project/smart-campus-portal/vendor/laravel/framework/src/Illuminate/Container/Container.php(832): Illuminate/Container/Container->build('view')
#2 D:/الترم الخامس/ITPM/Project/smart-campus-portal/vendor/laravel/framework/src/Illuminate/Foundation/Application.php(1078): Illuminate/Container/Container->resolve('view', Array, true)
#3 D:/الترم الخامس/ITPM/Project/smart-campus-portal/vendor/laravel/framework/src/Illuminate/Container/Container.php(763): Illuminate/Foundation/Application->resolve('view', Array)
#4 D:/الترم الخامس/ITPM/Project/smart-campus-portal/vendor/laravel/framework/src/Illuminate/Foundation/Application.php(1058): Illuminate/Container/Container->make('view', Array)
#5 D:/الترم الخامس/ITPM/Project/smart-campus-portal/vendor/laravel/framework/src/Illuminate/Container/Container.php(1580): Illuminate/Foundation/Application->make('view')
#6 D:/الترم الخامس/ITPM/Project/smart-campus-portal/vendor/laravel/framework/src/Illuminate/Support/Facades/Facade.php(239): Illuminate/Container/Container->offsetGet('view')
#7 D:/الترم الخامس/ITPM/Project/smart-campus-portal/vendor/laravel/framework/src/Illuminate/Support/Facades/Facade.php(210): Illuminate/Support/Facades/Facade::resolveFacadeInstance('view')
#8 D:/الترم الخامس/ITPM/Project/smart-campus-portal/vendor/laravel/framework/src/Illuminate/Support/Facades/Facade.php(355): Illuminate/Support/Facades/Facade::getFacadeRoot()
#9 D:/الترم الخامس/ITPM/Project/smart-campus-portal/vendor/laravel/framework/src/Illuminate/Foundation/Exceptions/RegisterErrorViewPaths.php(17): Illuminate/Support/Facades/Facade::__callStatic('replaceNamespac...', Array)
#10 D:/الترم الخامس/ITPM/Project/smart-campus-portal/vendor/laravel/framework/src/Illuminate/Foundation/Exceptions/Handler.php(915): Illuminate/Foundation/Exceptions/RegisterErrorViewPaths->__invoke()
#11 D:/الترم الخامس/ITPM/Project/smart-campus-portal/vendor/laravel/framework/src/Illuminate/Foundation/Exceptions/Handler.php(890): Illuminate/Foundation/Exceptions/Handler->registerErrorViewPaths()
#12 D:/الترم الخامس/ITPM/Project/smart-campus-portal/vendor/laravel/framework/src/Illuminate/Foundation/Exceptions/Handler.php(815): Illuminate/Foundation/Exceptions/Handler->renderHttpException(Object(Symfony/Component/HttpKernel/Exception/HttpException))
#13 D:/الترم الخامس/ITPM/Project/smart-campus-portal/vendor/laravel/framework/src/Illuminate/Foundation/Exceptions/Handler.php(706): Illuminate/Foundation/Exceptions/Handler->prepareResponse(Object(Illuminate/Http/Request), Object(Symfony/Component/HttpKernel/Exception/HttpException))
#14 D:/الترم الخامس/ITPM/Project/smart-campus-portal/vendor/laravel/framework/src/Illuminate/Foundation/Exceptions/Handler.php(594): Illuminate/Foundation/Exceptions/Handler->renderExceptionResponse(Object(Illuminate/Http/Request), Object(Exception))
#15 D:/الترم الخامس/ITPM/Project/smart-campus-portal/vendor/laravel/framework/src/Illuminate/Foundation/Http/Kernel.php(575): Illuminate/Foundation/Exceptions/Handler->render(Object(Illuminate/Http/Request), Object(Exception))
#16 D:/الترم الخامس/ITPM/Project/smart-campus-portal/vendor/laravel/framework/src/Illuminate/Foundation/Http/Kernel.php(149): Illuminate/Foundation/Http/Kernel->renderException(Object(Illuminate/Http/Request), Object(Exception))
#17 D:/الترم الخامس/ITPM/Project/smart-campus-portal/public/index.php(19): Illuminate/Foundation/Http/Kernel->handle(Object(Illuminate/Http/Request))
#18 {main}
"} 
[2026-09-20 07:58:17] production.ERROR: Uncaught ReflectionException: Class "view" does not exist in D:\الترم الخامس\ITPM\Project\smart-campus-portal\vendor\laravel\framework\src\Illuminate\Container\Container.php:959
Stack trace:
#0 D:\الترم الخامس\ITPM\Project\smart-campus-portal\vendor\laravel\framework\src\Illuminate\Container\Container.php(959): ReflectionClass->__construct('view')
#1 D:\الترم الخامس\ITPM\Project\smart-campus-portal\vendor\laravel\framework\src\Illuminate\Container\Container.php(832): Illuminate\Container\Container->build('view')
#2 D:\الترم الخامس\ITPM\Project\smart-campus-portal\vendor\laravel\framework\src\Illuminate\Foundation\Application.php(1078): Illuminate\Container\Container->resolve('view', Array, true)
#3 D:\الترم الخامس\ITPM\Project\smart-campus-portal\vendor\laravel\framework\src\Illuminate\Container\Container.php(763): Illuminate\Foundation\Application->resolve('view', Array)
#4 D:\الترم الخامس\ITPM\Project\smart-campus-portal\vendor\laravel\framework\src\Illuminate\Foundation\Application.php(1058): Illuminate\Container\Container->make('view', Array)
#5 D:\الترم الخامس\ITPM\Project\smart-campus-portal\vendor\laravel\framework\src\Illuminate\Container\Container.php(1580): Illuminate\Foundation\Application->make('view')
#6 D:\الترم الخامس\ITPM\Project\smart-campus-portal\vendor\laravel\framework\src\Illuminate\Support\Facades\Facade.php(239): Illuminate\Container\Container->offsetGet('view')
#7 D:\الترم الخامس\ITPM\Project\smart-campus-portal\vendor\laravel\framework\src\Illuminate\Support\Facades\Facade.php(210): Illuminate\Support\Facades\Facade::resolveFacadeInstance('view')
#8 D:\الترم الخامس\ITPM\Project\smart-campus-portal\vendor\laravel\framework\src\Illuminate\Support\Facades\Facade.php(355): Illuminate\Support\Facades\Facade::getFacadeRoot()
#9 D:\الترم الخامس\ITPM\Project\smart-campus-portal\vendor\laravel\framework\src\Illuminate\Foundation\Exceptions\RegisterErrorViewPaths.php(17): Illuminate\Support\Facades\Facade::__callStatic('replaceNamespac...', Array)
#10 D:\الترم الخامس\ITPM\Project\smart-campus-portal\vendor\laravel\framework\src\Illuminate\Foundation\Exceptions\Handler.php(915): Illuminate\Foundation\Exceptions\RegisterErrorViewPaths->__invoke()
#11 D:\الترم الخامس\ITPM\Project\smart-campus-portal\vendor\laravel\framework\src\Illuminate\Foundation\Exceptions\Handler.php(890): Illuminate\Foundation\Exceptions\Handler->registerErrorViewPaths()
#12 D:\الترم الخامس\ITPM\Project\smart-campus-portal\vendor\laravel\framework\src\Illuminate\Foundation\Exceptions\Handler.php(815): Illuminate\Foundation\Exceptions\Handler->renderHttpException(Object(Symfony\Component\HttpKernel\Exception\HttpException))
#13 D:\الترم الخامس\ITPM\Project\smart-campus-portal\vendor\laravel\framework\src\Illuminate\Foundation\Exceptions\Handler.php(706): Illuminate\Foundation\Exceptions\Handler->prepareResponse(Object(Illuminate\Http\Request), Object(Symfony\Component\HttpKernel\Exception\HttpException))
#14 D:\الترم الخامس\ITPM\Project\smart-campus-portal\vendor\laravel\framework\src\Illuminate\Foundation\Exceptions\Handler.php(594): Illuminate\Foundation\Exceptions\Handler->renderExceptionResponse(Object(Illuminate\Http\Request), Object(Illuminate\Contracts\Container\BindingResolutionException))
#15 D:\الترم الخامس\ITPM\Project\smart-campus-portal\vendor\laravel\framework\src\Illuminate\Foundation\Bootstrap\HandleExceptions.php(221): Illuminate\Foundation\Exceptions\Handler->render(Object(Illuminate\Http\Request), Object(Illuminate\Contracts\Container\BindingResolutionException))
#16 D:\الترم الخامس\ITPM\Project\smart-campus-portal\vendor\laravel\framework\src\Illuminate\Foundation\Bootstrap\HandleExceptions.php(198): Illuminate\Foundation\Bootstrap\HandleExceptions->renderHttpResponse(Object(Illuminate\Contracts\Container\BindingResolutionException))
#17 D:\الترم الخامس\ITPM\Project\smart-campus-portal\vendor\laravel\framework\src\Illuminate\Foundation\Bootstrap\HandleExceptions.php(258): Illuminate\Foundation\Bootstrap\HandleExceptions->handleException(Object(Illuminate\Contracts\Container\BindingResolutionException))
#18 [internal function]: Illuminate\Foundation\Bootstrap\HandleExceptions->Illuminate\Foundation\Bootstrap\{closure}(Object(Illuminate\Contracts\Container\BindingResolutionException))
#19 {main}

Next Illuminate\Contracts\Container\BindingResolutionException: Target class [view] does not exist. in D:\الترم الخامس\ITPM\Project\smart-campus-portal\vendor\laravel\framework\src\Illuminate\Container\Container.php:961
Stack trace:
#0 D:\الترم الخامس\ITPM\Project\smart-campus-portal\vendor\laravel\framework\src\Illuminate\Container\Container.php(832): Illuminate\Container\Container->build('view')
#1 D:\الترم الخامس\ITPM\Project\smart-campus-portal\vendor\laravel\framework\src\Illuminate\Foundation\Application.php(1078): Illuminate\Container\Container->resolve('view', Array, true)
#2 D:\الترم الخامس\ITPM\Project\smart-campus-portal\vendor\laravel\framework\src\Illuminate\Container\Container.php(763): Illuminate\Foundation\Application->resolve('view', Array)
#3 D:\الترم الخامس\ITPM\Project\smart-campus-portal\vendor\laravel\framework\src\Illuminate\Foundation\Application.php(1058): Illuminate\Container\Container->make('view', Array)
#4 D:\الترم الخامس\ITPM\Project\smart-campus-portal\vendor\laravel\framework\src\Illuminate\Container\Container.php(1580): Illuminate\Foundation\Application->make('view')
#5 D:\الترم الخامس\ITPM\Project\smart-campus-portal\vendor\laravel\framework\src\Illuminate\Support\Facades\Facade.php(239): Illuminate\Container\Container->offsetGet('view')
#6 D:\الترم الخامس\ITPM\Project\smart-campus-portal\vendor\laravel\framework\src\Illuminate\Support\Facades\Facade.php(210): Illuminate\Support\Facades\Facade::resolveFacadeInstance('view')
#7 D:\الترم الخامس\ITPM\Project\smart-campus-portal\vendor\laravel\framework\src\Illuminate\Support\Facades\Facade.php(355): Illuminate\Support\Facades\Facade::getFacadeRoot()
#8 D:\الترم الخامس\ITPM\Project\smart-campus-portal\vendor\laravel\framework\src\Illuminate\Foundation\Exceptions\RegisterErrorViewPaths.php(17): Illuminate\Support\Facades\Facade::__callStatic('replaceNamespac...', Array)
#9 D:\الترم الخامس\ITPM\Project\smart-campus-portal\vendor\laravel\framework\src\Illuminate\Foundation\Exceptions\Handler.php(915): Illuminate\Foundation\Exceptions\RegisterErrorViewPaths->__invoke()
#10 D:\الترم الخامس\ITPM\Project\smart-campus-portal\vendor\laravel\framework\src\Illuminate\Foundation\Exceptions\Handler.php(890): Illuminate\Foundation\Exceptions\Handler->registerErrorViewPaths()
#11 D:\الترم الخامس\ITPM\Project\smart-campus-portal\vendor\laravel\framework\src\Illuminate\Foundation\Exceptions\Handler.php(815): Illuminate\Foundation\Exceptions\Handler->renderHttpException(Object(Symfony\Component\HttpKernel\Exception\HttpException))
#12 D:\الترم الخامس\ITPM\Project\smart-campus-portal\vendor\laravel\framework\src\Illuminate\Foundation\Exceptions\Handler.php(706): Illuminate\Foundation\Exceptions\Handler->prepareResponse(Object(Illuminate\Http\Request), Object(Symfony\Component\HttpKernel\Exception\HttpException))
#13 D:\الترم الخامس\ITPM\Project\smart-campus-portal\vendor\laravel\framework\src\Illuminate\Foundation\Exceptions\Handler.php(594): Illuminate\Foundation\Exceptions\Handler->renderExceptionResponse(Object(Illuminate\Http\Request), Object(Illuminate\Contracts\Container\BindingResolutionException))
#14 D:\الترم الخامس\ITPM\Project\smart-campus-portal\vendor\laravel\framework\src\Illuminate\Foundation\Bootstrap\HandleExceptions.php(221): Illuminate\Foundation\Exceptions\Handler->render(Object(Illuminate\Http\Request), Object(Illuminate\Contracts\Container\BindingResolutionException))
#15 D:\الترم الخامس\ITPM\Project\smart-campus-portal\vendor\laravel\framework\src\Illuminate\Foundation\Bootstrap\HandleExceptions.php(198): Illuminate\Foundation\Bootstrap\HandleExceptions->renderHttpResponse(Object(Illuminate\Contracts\Container\BindingResolutionException))
#16 D:\الترم الخامس\ITPM\Project\smart-campus-portal\vendor\laravel\framework\src\Illuminate\Foundation\Bootstrap\HandleExceptions.php(258): Illuminate\Foundation\Bootstrap\HandleExceptions->handleException(Object(Illuminate\Contracts\Container\BindingResolutionException))
#17 [internal function]: Illuminate\Foundation\Bootstrap\HandleExceptions->Illuminate\Foundation\Bootstrap\{closure}(Object(Illuminate\Contracts\Container\BindingResolutionException))
#18 {main}
  thrown {"exception":"[object] (Symfony\\Component\\ErrorHandler\\Error\\FatalError(code: 0): Uncaught ReflectionException: Class \"view\" does not exist in D:\\الترم الخامس\\ITPM\\Project\\smart-campus-portal\\vendor\\laravel\\framework\\src\\Illuminate\\Container\\Container.php:959
Stack trace:
#0 D:\\الترم الخامس\\ITPM\\Project\\smart-campus-portal\\vendor\\laravel\\framework\\src\\Illuminate\\Container\\Container.php(959): ReflectionClass->__construct('view')
#1 D:\\الترم الخامس\\ITPM\\Project\\smart-campus-portal\\vendor\\laravel\\framework\\src\\Illuminate\\Container\\Container.php(832): Illuminate\\Container\\Container->build('view')
#2 D:\\الترم الخامس\\ITPM\\Project\\smart-campus-portal\\vendor\\laravel\\framework\\src\\Illuminate\\Foundation\\Application.php(1078): Illuminate\\Container\\Container->resolve('view', Array, true)
#3 D:\\الترم الخامس\\ITPM\\Project\\smart-campus-portal\\vendor\\laravel\\framework\\src\\Illuminate\\Container\\Container.php(763): Illuminate\\Foundation\\Application->resolve('view', Array)
#4 D:\\الترم الخامس\\ITPM\\Project\\smart-campus-portal\\vendor\\laravel\\framework\\src\\Illuminate\\Foundation\\Application.php(1058): Illuminate\\Container\\Container->make('view', Array)
#5 D:\\الترم الخامس\\ITPM\\Project\\smart-campus-portal\\vendor\\laravel\\framework\\src\\Illuminate\\Container\\Container.php(1580): Illuminate\\Foundation\\Application->make('view')
#6 D:\\الترم الخامس\\ITPM\\Project\\smart-campus-portal\\vendor\\laravel\\framework\\src\\Illuminate\\Support\\Facades\\Facade.php(239): Illuminate\\Container\\Container->offsetGet('view')
#7 D:\\الترم الخامس\\ITPM\\Project\\smart-campus-portal\\vendor\\laravel\\framework\\src\\Illuminate\\Support\\Facades\\Facade.php(210): Illuminate\\Support\\Facades\\Facade::resolveFacadeInstance('view')
#8 D:\\الترم الخامس\\ITPM\\Project\\smart-campus-portal\\vendor\\laravel\\framework\\src\\Illuminate\\Support\\Facades\\Facade.php(355): Illuminate\\Support\\Facades\\Facade::getFacadeRoot()
#9 D:\\الترم الخامس\\ITPM\\Project\\smart-campus-portal\\vendor\\laravel\\framework\\src\\Illuminate\\Foundation\\Exceptions\\RegisterErrorViewPaths.php(17): Illuminate\\Support\\Facades\\Facade::__callStatic('replaceNamespac...', Array)
#10 D:\\الترم الخامس\\ITPM\\Project\\smart-campus-portal\\vendor\\laravel\\framework\\src\\Illuminate\\Foundation\\Exceptions\\Handler.php(915): Illuminate\\Foundation\\Exceptions\\RegisterErrorViewPaths->__invoke()
#11 D:\\الترم الخامس\\ITPM\\Project\\smart-campus-portal\\vendor\\laravel\\framework\\src\\Illuminate\\Foundation\\Exceptions\\Handler.php(890): Illuminate\\Foundation\\Exceptions\\Handler->registerErrorViewPaths()
#12 D:\\الترم الخامس\\ITPM\\Project\\smart-campus-portal\\vendor\\laravel\\framework\\src\\Illuminate\\Foundation\\Exceptions\\Handler.php(815): Illuminate\\Foundation\\Exceptions\\Handler->renderHttpException(Object(Symfony\\Component\\HttpKernel\\Exception\\HttpException))
#13 D:\\الترم الخامس\\ITPM\\Project\\smart-campus-portal\\vendor\\laravel\\framework\\src\\Illuminate\\Foundation\\Exceptions\\Handler.php(706): Illuminate\\Foundation\\Exceptions\\Handler->prepareResponse(Object(Illuminate\\Http\\Request), Object(Symfony\\Component\\HttpKernel\\Exception\\HttpException))
#14 D:\\الترم الخامس\\ITPM\\Project\\smart-campus-portal\\vendor\\laravel\\framework\\src\\Illuminate\\Foundation\\Exceptions\\Handler.php(594): Illuminate\\Foundation\\Exceptions\\Handler->renderExceptionResponse(Object(Illuminate\\Http\\Request), Object(Illuminate\\Contracts\\Container\\BindingResolutionException))
#15 D:\\الترم الخامس\\ITPM\\Project\\smart-campus-portal\\vendor\\laravel\\framework\\src\\Illuminate\\Foundation\\Bootstrap\\HandleExceptions.php(221): Illuminate\\Foundation\\Exceptions\\Handler->render(Object(Illuminate\\Http\\Request), Object(Illuminate\\Contracts\\Container\\BindingResolutionException))
#16 D:\\الترم الخامس\\ITPM\\Project\\smart-campus-portal\\vendor\\laravel\\framework\\src\\Illuminate\\Foundation\\Bootstrap\\HandleExceptions.php(198): Illuminate\\Foundation\\Bootstrap\\HandleExceptions->renderHttpResponse(Object(Illuminate\\Contracts\\Container\\BindingResolutionException))
#17 D:\\الترم الخامس\\ITPM\\Project\\smart-campus-portal\\vendor\\laravel\\framework\\src\\Illuminate\\Foundation\\Bootstrap\\HandleExceptions.php(258): Illuminate\\Foundation\\Bootstrap\\HandleExceptions->handleException(Object(Illuminate\\Contracts\\Container\\BindingResolutionException))
#18 [internal function]: Illuminate\\Foundation\\Bootstrap\\HandleExceptions->Illuminate\\Foundation\\Bootstrap\\{closure}(Object(Illuminate\\Contracts\\Container\\BindingResolutionException))
#19 {main}

Next Illuminate\\Contracts\\Container\\BindingResolutionException: Target class [view] does not exist. in D:\\الترم الخامس\\ITPM\\Project\\smart-campus-portal\\vendor\\laravel\\framework\\src\\Illuminate\\Container\\Container.php:961
Stack trace:
#0 D:\\الترم الخامس\\ITPM\\Project\\smart-campus-portal\\vendor\\laravel\\framework\\src\\Illuminate\\Container\\Container.php(832): Illuminate\\Container\\Container->build('view')
#1 D:\\الترم الخامس\\ITPM\\Project\\smart-campus-portal\\vendor\\laravel\\framework\\src\\Illuminate\\Foundation\\Application.php(1078): Illuminate\\Container\\Container->resolve('view', Array, true)
#2 D:\\الترم الخامس\\ITPM\\Project\\smart-campus-portal\\vendor\\laravel\\framework\\src\\Illuminate\\Container\\Container.php(763): Illuminate\\Foundation\\Application->resolve('view', Array)
#3 D:\\الترم الخامس\\ITPM\\Project\\smart-campus-portal\\vendor\\laravel\\framework\\src\\Illuminate\\Foundation\\Application.php(1058): Illuminate\\Container\\Container->make('view', Array)
#4 D:\\الترم الخامس\\ITPM\\Project\\smart-campus-portal\\vendor\\laravel\\framework\\src\\Illuminate\\Container\\Container.php(1580): Illuminate\\Foundation\\Application->make('view')
#5 D:\\الترم الخامس\\ITPM\\Project\\smart-campus-portal\\vendor\\laravel\\framework\\src\\Illuminate\\Support\\Facades\\Facade.php(239): Illuminate\\Container\\Container->offsetGet('view')
#6 D:\\الترم الخامس\\ITPM\\Project\\smart-campus-portal\\vendor\\laravel\\framework\\src\\Illuminate\\Support\\Facades\\Facade.php(210): Illuminate\\Support\\Facades\\Facade::resolveFacadeInstance('view')
#7 D:\\الترم الخامس\\ITPM\\Project\\smart-campus-portal\\vendor\\laravel\\framework\\src\\Illuminate\\Support\\Facades\\Facade.php(355): Illuminate\\Support\\Facades\\Facade::getFacadeRoot()
#8 D:\\الترم الخامس\\ITPM\\Project\\smart-campus-portal\\vendor\\laravel\\framework\\src\\Illuminate\\Foundation\\Exceptions\\RegisterErrorViewPaths.php(17): Illuminate\\Support\\Facades\\Facade::__callStatic('replaceNamespac...', Array)
#9 D:\\الترم الخامس\\ITPM\\Project\\smart-campus-portal\\vendor\\laravel\\framework\\src\\Illuminate\\Foundation\\Exceptions\\Handler.php(915): Illuminate\\Foundation\\Exceptions\\RegisterErrorViewPaths->__invoke()
#10 D:\\الترم الخامس\\ITPM\\Project\\smart-campus-portal\\vendor\\laravel\\framework\\src\\Illuminate\\Foundation\\Exceptions\\Handler.php(890): Illuminate\\Foundation\\Exceptions\\Handler->registerErrorViewPaths()
#11 D:\\الترم الخامس\\ITPM\\Project\\smart-campus-portal\\vendor\\laravel\\framework\\src\\Illuminate\\Foundation\\Exceptions\\Handler.php(815): Illuminate\\Foundation\\Exceptions\\Handler->renderHttpException(Object(Symfony\\Component\\HttpKernel\\Exception\\HttpException))
#12 D:\\الترم الخامس\\ITPM\\Project\\smart-campus-portal\\vendor\\laravel\\framework\\src\\Illuminate\\Foundation\\Exceptions\\Handler.php(706): Illuminate\\Foundation\\Exceptions\\Handler->prepareResponse(Object(Illuminate\\Http\\Request), Object(Symfony\\Component\\HttpKernel\\Exception\\HttpException))
#13 D:\\الترم الخامس\\ITPM\\Project\\smart-campus-portal\\vendor\\laravel\\framework\\src\\Illuminate\\Foundation\\Exceptions\\Handler.php(594): Illuminate\\Foundation\\Exceptions\\Handler->renderExceptionResponse(Object(Illuminate\\Http\\Request), Object(Illuminate\\Contracts\\Container\\BindingResolutionException))
#14 D:\\الترم الخامس\\ITPM\\Project\\smart-campus-portal\\vendor\\laravel\\framework\\src\\Illuminate\\Foundation\\Bootstrap\\HandleExceptions.php(221): Illuminate\\Foundation\\Exceptions\\Handler->render(Object(Illuminate\\Http\\Request), Object(Illuminate\\Contracts\\Container\\BindingResolutionException))
#15 D:\\الترم الخامس\\ITPM\\Project\\smart-campus-portal\\vendor\\laravel\\framework\\src\\Illuminate\\Foundation\\Bootstrap\\HandleExceptions.php(198): Illuminate\\Foundation\\Bootstrap\\HandleExceptions->renderHttpResponse(Object(Illuminate\\Contracts\\Container\\BindingResolutionException))
#16 D:\\الترم الخامس\\ITPM\\Project\\smart-campus-portal\\vendor\\laravel\\framework\\src\\Illuminate\\Foundation\\Bootstrap\\HandleExceptions.php(258): Illuminate\\Foundation\\Bootstrap\\HandleExceptions->handleException(Object(Illuminate\\Contracts\\Container\\BindingResolutionException))
#17 [internal function]: Illuminate\\Foundation\\Bootstrap\\HandleExceptions->Illuminate\\Foundation\\Bootstrap\\{closure}(Object(Illuminate\\Contracts\\Container\\BindingResolutionException))
#18 {main}
  thrown at D:/الترم الخامس/ITPM/Project/smart-campus-portal/vendor/laravel/framework/src/Illuminate/Container/Container.php:961)
[stacktrace]
#0 {main}
"} 
[2026-09-20 07:59:53] production.ERROR: The D:\الترم الخامس\ITPM\Project\smart-campus-portal\bootstrap\cache directory must be present and writable. {"exception":"[object] (Exception(code: 0): The D:\\الترم الخامس\\ITPM\\Project\\smart-campus-portal\\bootstrap\\cache directory must be present and writable. at D:/الترم الخامس/ITPM/Project/smart-campus-portal/vendor/laravel/framework/src/Illuminate/Foundation/PackageManifest.php:179)
[stacktrace]
#0 D:/الترم الخامس/ITPM/Project/smart-campus-portal/vendor/laravel/framework/src/Illuminate/Foundation/PackageManifest.php(132): Illuminate/Foundation/PackageManifest->write(Array)
#1 D:/الترم الخامس/ITPM/Project/smart-campus-portal/vendor/laravel/framework/src/Illuminate/Foundation/PackageManifest.php(108): Illuminate/Foundation/PackageManifest->build()
#2 D:/الترم الخامس/ITPM/Project/smart-campus-portal/vendor/laravel/framework/src/Illuminate/Foundation/PackageManifest.php(91): Illuminate/Foundation/PackageManifest->getManifest()
#3 D:/الترم الخامس/ITPM/Project/smart-campus-portal/vendor/laravel/framework/src/Illuminate/Foundation/PackageManifest.php(80): Illuminate/Foundation/PackageManifest->config('aliases')
#4 D:/الترم الخامس/ITPM/Project/smart-campus-portal/vendor/laravel/framework/src/Illuminate/Foundation/Bootstrap/RegisterFacades.php(26): Illuminate/Foundation/PackageManifest->aliases()
#5 D:/الترم الخامس/ITPM/Project/smart-campus-portal/vendor/laravel/framework/src/Illuminate/Foundation/Application.php(342): Illuminate/Foundation/Bootstrap/RegisterFacades->bootstrap(Object(Illuminate/Foundation/Application))
#6 D:/الترم الخامس/ITPM/Project/smart-campus-portal/vendor/laravel/framework/src/Illuminate/Foundation/Http/Kernel.php(187): Illuminate/Foundation/Application->bootstrapWith(Array)
#7 D:/الترم الخامس/ITPM/Project/smart-campus-portal/vendor/laravel/framework/src/Illuminate/Foundation/Http/Kernel.php(171): Illuminate/Foundation/Http/Kernel->bootstrap()
#8 D:/الترم الخامس/ITPM/Project/smart-campus-portal/vendor/laravel/framework/src/Illuminate/Foundation/Http/Kernel.php(145): Illuminate/Foundation/Http/Kernel->sendRequestThroughRouter(Object(Illuminate/Http/Request))
#9 D:/الترم الخامس/ITPM/Project/smart-campus-portal/vendor/laravel/framework/src/Illuminate/Foundation/Application.php(1220): Illuminate/Foundation/Http/Kernel->handle(Object(Illuminate/Http/Request))
#10 D:/الترم الخامس/ITPM/Project/smart-campus-portal/public/index.php(20): Illuminate/Foundation/Application->handleRequest(Object(Illuminate/Http/Request))
#11 {main}
"} 
[2026-09-20 07:59:53] production.ERROR: Target class [view] does not exist. {"exception":"[object] (Illuminate\\Contracts\\Container\\BindingResolutionException(code: 0): Target class [view] does not exist. at D:/الترم الخامس/ITPM/Project/smart-campus-portal/vendor/laravel/framework/src/Illuminate/Container/Container.php:961)
[stacktrace]
#0 D:/الترم الخامس/ITPM/Project/smart-campus-portal/vendor/laravel/framework/src/Illuminate/Container/Container.php(832): Illuminate/Container/Container->build('view')
#1 D:/الترم الخامس/ITPM/Project/smart-campus-portal/vendor/laravel/framework/src/Illuminate/Foundation/Application.php(1078): Illuminate/Container/Container->resolve('view', Array, true)
#2 D:/الترم الخامس/ITPM/Project/smart-campus-portal/vendor/laravel/framework/src/Illuminate/Container/Container.php(763): Illuminate/Foundation/Application->resolve('view', Array)
#3 D:/الترم الخامس/ITPM/Project/smart-campus-portal/vendor/laravel/framework/src/Illuminate/Foundation/Application.php(1058): Illuminate/Container/Container->make('view', Array)
#4 D:/الترم الخامس/ITPM/Project/smart-campus-portal/vendor/laravel/framework/src/Illuminate/Container/Container.php(1580): Illuminate/Foundation/Application->make('view')
#5 D:/الترم الخامس/ITPM/Project/smart-campus-portal/vendor/laravel/framework/src/Illuminate/Support/Facades/Facade.php(239): Illuminate/Container/Container->offsetGet('view')
#6 D:/الترم الخامس/ITPM/Project/smart-campus-portal/vendor/laravel/framework/src/Illuminate/Support/Facades/Facade.php(210): Illuminate/Support/Facades/Facade::resolveFacadeInstance('view')
#7 D:/الترم الخامس/ITPM/Project/smart-campus-portal/vendor/laravel/framework/src/Illuminate/Support/Facades/Facade.php(355): Illuminate/Support/Facades/Facade::getFacadeRoot()
#8 D:/الترم الخامس/ITPM/Project/smart-campus-portal/vendor/laravel/framework/src/Illuminate/Foundation/Exceptions/RegisterErrorViewPaths.php(17): Illuminate/Support/Facades/Facade::__callStatic('replaceNamespac...', Array)
#9 D:/الترم الخامس/ITPM/Project/smart-campus-portal/vendor/laravel/framework/src/Illuminate/Foundation/Exceptions/Handler.php(915): Illuminate/Foundation/Exceptions/RegisterErrorViewPaths->__invoke()
#10 D:/الترم الخامس/ITPM/Project/smart-campus-portal/vendor/laravel/framework/src/Illuminate/Foundation/Exceptions/Handler.php(890): Illuminate/Foundation/Exceptions/Handler->registerErrorViewPaths()
#11 D:/الترم الخامس/ITPM/Project/smart-campus-portal/vendor/laravel/framework/src/Illuminate/Foundation/Exceptions/Handler.php(815): Illuminate/Foundation/Exceptions/Handler->renderHttpException(Object(Symfony/Component/HttpKernel/Exception/HttpException))
#12 D:/الترم الخامس/ITPM/Project/smart-campus-portal/vendor/laravel/framework/src/Illuminate/Foundation/Exceptions/Handler.php(706): Illuminate/Foundation/Exceptions/Handler->prepareResponse(Object(Illuminate/Http/Request), Object(Symfony/Component/HttpKernel/Exception/HttpException))
#13 D:/الترم الخامس/ITPM/Project/smart-campus-portal/vendor/laravel/framework/src/Illuminate/Foundation/Exceptions/Handler.php(594): Illuminate/Foundation/Exceptions/Handler->renderExceptionResponse(Object(Illuminate/Http/Request), Object(Exception))
#14 D:/الترم الخامس/ITPM/Project/smart-campus-portal/vendor/laravel/framework/src/Illuminate/Foundation/Http/Kernel.php(575): Illuminate/Foundation/Exceptions/Handler->render(Object(Illuminate/Http/Request), Object(Exception))
#15 D:/الترم الخامس/ITPM/Project/smart-campus-portal/vendor/laravel/framework/src/Illuminate/Foundation/Http/Kernel.php(149): Illuminate/Foundation/Http/Kernel->renderException(Object(Illuminate/Http/Request), Object(Exception))
#16 D:/الترم الخامس/ITPM/Project/smart-campus-portal/vendor/laravel/framework/src/Illuminate/Foundation/Application.php(1220): Illuminate/Foundation/Http/Kernel->handle(Object(Illuminate/Http/Request))
#17 D:/الترم الخامس/ITPM/Project/smart-campus-portal/public/index.php(20): Illuminate/Foundation/Application->handleRequest(Object(Illuminate/Http/Request))
#18 {main}

[previous exception] [object] (ReflectionException(code: -1): Class \"view\" does not exist at D:/الترم الخامس/ITPM/Project/smart-campus-portal/vendor/laravel/framework/src/Illuminate/Container/Container.php:959)
[stacktrace]
#0 D:/الترم الخامس/ITPM/Project/smart-campus-portal/vendor/laravel/framework/src/Illuminate/Container/Container.php(959): ReflectionClass->__construct('view')
#1 D:/الترم الخامس/ITPM/Project/smart-campus-portal/vendor/laravel/framework/src/Illuminate/Container/Container.php(832): Illuminate/Container/Container->build('view')
#2 D:/الترم الخامس/ITPM/Project/smart-campus-portal/vendor/laravel/framework/src/Illuminate/Foundation/Application.php(1078): Illuminate/Container/Container->resolve('view', Array, true)
#3 D:/الترم الخامس/ITPM/Project/smart-campus-portal/vendor/laravel/framework/src/Illuminate/Container/Container.php(763): Illuminate/Foundation/Application->resolve('view', Array)
#4 D:/الترم الخامس/ITPM/Project/smart-campus-portal/vendor/laravel/framework/src/Illuminate/Foundation/Application.php(1058): Illuminate/Container/Container->make('view', Array)
#5 D:/الترم الخامس/ITPM/Project/smart-campus-portal/vendor/laravel/framework/src/Illuminate/Container/Container.php(1580): Illuminate/Foundation/Application->make('view')
#6 D:/الترم الخامس/ITPM/Project/smart-campus-portal/vendor/laravel/framework/src/Illuminate/Support/Facades/Facade.php(239): Illuminate/Container/Container->offsetGet('view')
#7 D:/الترم الخامس/ITPM/Project/smart-campus-portal/vendor/laravel/framework/src/Illuminate/Support/Facades/Facade.php(210): Illuminate/Support/Facades/Facade::resolveFacadeInstance('view')
#8 D:/الترم الخامس/ITPM/Project/smart-campus-portal/vendor/laravel/framework/src/Illuminate/Support/Facades/Facade.php(355): Illuminate/Support/Facades/Facade::getFacadeRoot()
#9 D:/الترم الخامس/ITPM/Project/smart-campus-portal/vendor/laravel/framework/src/Illuminate/Foundation/Exceptions/RegisterErrorViewPaths.php(17): Illuminate/Support/Facades/Facade::__callStatic('replaceNamespac...', Array)
#10 D:/الترم الخامس/ITPM/Project/smart-campus-portal/vendor/laravel/framework/src/Illuminate/Foundation/Exceptions/Handler.php(915): Illuminate/Foundation/Exceptions/RegisterErrorViewPaths->__invoke()
#11 D:/الترم الخامس/ITPM/Project/smart-campus-portal/vendor/laravel/framework/src/Illuminate/Foundation/Exceptions/Handler.php(890): Illuminate/Foundation/Exceptions/Handler->registerErrorViewPaths()
#12 D:/الترم الخامس/ITPM/Project/smart-campus-portal/vendor/laravel/framework/src/Illuminate/Foundation/Exceptions/Handler.php(815): Illuminate/Foundation/Exceptions/Handler->renderHttpException(Object(Symfony/Component/HttpKernel/Exception/HttpException))
#13 D:/الترم الخامس/ITPM/Project/smart-campus-portal/vendor/laravel/framework/src/Illuminate/Foundation/Exceptions/Handler.php(706): Illuminate/Foundation/Exceptions/Handler->prepareResponse(Object(Illuminate/Http/Request), Object(Symfony/Component/HttpKernel/Exception/HttpException))
#14 D:/الترم الخامس/ITPM/Project/smart-campus-portal/vendor/laravel/framework/src/Illuminate/Foundation/Exceptions/Handler.php(594): Illuminate/Foundation/Exceptions/Handler->renderExceptionResponse(Object(Illuminate/Http/Request), Object(Exception))
#15 D:/الترم الخامس/ITPM/Project/smart-campus-portal/vendor/laravel/framework/src/Illuminate/Foundation/Http/Kernel.php(575): Illuminate/Foundation/Exceptions/Handler->render(Object(Illuminate/Http/Request), Object(Exception))
#16 D:/الترم الخامس/ITPM/Project/smart-campus-portal/vendor/laravel/framework/src/Illuminate/Foundation/Http/Kernel.php(149): Illuminate/Foundation/Http/Kernel->renderException(Object(Illuminate/Http/Request), Object(Exception))
#17 D:/الترم الخامس/ITPM/Project/smart-campus-portal/vendor/laravel/framework/src/Illuminate/Foundation/Application.php(1220): Illuminate/Foundation/Http/Kernel->handle(Object(Illuminate/Http/Request))
#18 D:/الترم الخامس/ITPM/Project/smart-campus-portal/public/index.php(20): Illuminate/Foundation/Application->handleRequest(Object(Illuminate/Http/Request))
#19 {main}
"} 
[2026-09-20 07:59:53] production.ERROR: Uncaught ReflectionException: Class "view" does not exist in D:\الترم الخامس\ITPM\Project\smart-campus-portal\vendor\laravel\framework\src\Illuminate\Container\Container.php:959
Stack trace:
#0 D:\الترم الخامس\ITPM\Project\smart-campus-portal\vendor\laravel\framework\src\Illuminate\Container\Container.php(959): ReflectionClass->__construct('view')
#1 D:\الترم الخامس\ITPM\Project\smart-campus-portal\vendor\laravel\framework\src\Illuminate\Container\Container.php(832): Illuminate\Container\Container->build('view')
#2 D:\الترم الخامس\ITPM\Project\smart-campus-portal\vendor\laravel\framework\src\Illuminate\Foundation\Application.php(1078): Illuminate\Container\Container->resolve('view', Array, true)
#3 D:\الترم الخامس\ITPM\Project\smart-campus-portal\vendor\laravel\framework\src\Illuminate\Container\Container.php(763): Illuminate\Foundation\Application->resolve('view', Array)
#4 D:\الترم الخامس\ITPM\Project\smart-campus-portal\vendor\laravel\framework\src\Illuminate\Foundation\Application.php(1058): Illuminate\Container\Container->make('view', Array)
#5 D:\الترم الخامس\ITPM\Project\smart-campus-portal\vendor\laravel\framework\src\Illuminate\Container\Container.php(1580): Illuminate\Foundation\Application->make('view')
#6 D:\الترم الخامس\ITPM\Project\smart-campus-portal\vendor\laravel\framework\src\Illuminate\Support\Facades\Facade.php(239): Illuminate\Container\Container->offsetGet('view')
#7 D:\الترم الخامس\ITPM\Project\smart-campus-portal\vendor\laravel\framework\src\Illuminate\Support\Facades\Facade.php(210): Illuminate\Support\Facades\Facade::resolveFacadeInstance('view')
#8 D:\الترم الخامس\ITPM\Project\smart-campus-portal\vendor\laravel\framework\src\Illuminate\Support\Facades\Facade.php(355): Illuminate\Support\Facades\Facade::getFacadeRoot()
#9 D:\الترم الخامس\ITPM\Project\smart-campus-portal\vendor\laravel\framework\src\Illuminate\Foundation\Exceptions\RegisterErrorViewPaths.php(17): Illuminate\Support\Facades\Facade::__callStatic('replaceNamespac...', Array)
#10 D:\الترم الخامس\ITPM\Project\smart-campus-portal\vendor\laravel\framework\src\Illuminate\Foundation\Exceptions\Handler.php(915): Illuminate\Foundation\Exceptions\RegisterErrorViewPaths->__invoke()
#11 D:\الترم الخامس\ITPM\Project\smart-campus-portal\vendor\laravel\framework\src\Illuminate\Foundation\Exceptions\Handler.php(890): Illuminate\Foundation\Exceptions\Handler->registerErrorViewPaths()
#12 D:\الترم الخامس\ITPM\Project\smart-campus-portal\vendor\laravel\framework\src\Illuminate\Foundation\Exceptions\Handler.php(815): Illuminate\Foundation\Exceptions\Handler->renderHttpException(Object(Symfony\Component\HttpKernel\Exception\HttpException))
#13 D:\الترم الخامس\ITPM\Project\smart-campus-portal\vendor\laravel\framework\src\Illuminate\Foundation\Exceptions\Handler.php(706): Illuminate\Foundation\Exceptions\Handler->prepareResponse(Object(Illuminate\Http\Request), Object(Symfony\Component\HttpKernel\Exception\HttpException))
#14 D:\الترم الخامس\ITPM\Project\smart-campus-portal\vendor\laravel\framework\src\Illuminate\Foundation\Exceptions\Handler.php(594): Illuminate\Foundation\Exceptions\Handler->renderExceptionResponse(Object(Illuminate\Http\Request), Object(Illuminate\Contracts\Container\BindingResolutionException))
#15 D:\الترم الخامس\ITPM\Project\smart-campus-portal\vendor\laravel\framework\src\Illuminate\Foundation\Bootstrap\HandleExceptions.php(221): Illuminate\Foundation\Exceptions\Handler->render(Object(Illuminate\Http\Request), Object(Illuminate\Contracts\Container\BindingResolutionException))
#16 D:\الترم الخامس\ITPM\Project\smart-campus-portal\vendor\laravel\framework\src\Illuminate\Foundation\Bootstrap\HandleExceptions.php(198): Illuminate\Foundation\Bootstrap\HandleExceptions->renderHttpResponse(Object(Illuminate\Contracts\Container\BindingResolutionException))
#17 D:\الترم الخامس\ITPM\Project\smart-campus-portal\vendor\laravel\framework\src\Illuminate\Foundation\Bootstrap\HandleExceptions.php(258): Illuminate\Foundation\Bootstrap\HandleExceptions->handleException(Object(Illuminate\Contracts\Container\BindingResolutionException))
#18 [internal function]: Illuminate\Foundation\Bootstrap\HandleExceptions->Illuminate\Foundation\Bootstrap\{closure}(Object(Illuminate\Contracts\Container\BindingResolutionException))
#19 {main}

Next Illuminate\Contracts\Container\BindingResolutionException: Target class [view] does not exist. in D:\الترم الخامس\ITPM\Project\smart-campus-portal\vendor\laravel\framework\src\Illuminate\Container\Container.php:961
Stack trace:
#0 D:\الترم الخامس\ITPM\Project\smart-campus-portal\vendor\laravel\framework\src\Illuminate\Container\Container.php(832): Illuminate\Container\Container->build('view')
#1 D:\الترم الخامس\ITPM\Project\smart-campus-portal\vendor\laravel\framework\src\Illuminate\Foundation\Application.php(1078): Illuminate\Container\Container->resolve('view', Array, true)
#2 D:\الترم الخامس\ITPM\Project\smart-campus-portal\vendor\laravel\framework\src\Illuminate\Container\Container.php(763): Illuminate\Foundation\Application->resolve('view', Array)
#3 D:\الترم الخامس\ITPM\Project\smart-campus-portal\vendor\laravel\framework\src\Illuminate\Foundation\Application.php(1058): Illuminate\Container\Container->make('view', Array)
#4 D:\الترم الخامس\ITPM\Project\smart-campus-portal\vendor\laravel\framework\src\Illuminate\Container\Container.php(1580): Illuminate\Foundation\Application->make('view')
#5 D:\الترم الخامس\ITPM\Project\smart-campus-portal\vendor\laravel\framework\src\Illuminate\Support\Facades\Facade.php(239): Illuminate\Container\Container->offsetGet('view')
#6 D:\الترم الخامس\ITPM\Project\smart-campus-portal\vendor\laravel\framework\src\Illuminate\Support\Facades\Facade.php(210): Illuminate\Support\Facades\Facade::resolveFacadeInstance('view')
#7 D:\الترم الخامس\ITPM\Project\smart-campus-portal\vendor\laravel\framework\src\Illuminate\Support\Facades\Facade.php(355): Illuminate\Support\Facades\Facade::getFacadeRoot()
#8 D:\الترم الخامس\ITPM\Project\smart-campus-portal\vendor\laravel\framework\src\Illuminate\Foundation\Exceptions\RegisterErrorViewPaths.php(17): Illuminate\Support\Facades\Facade::__callStatic('replaceNamespac...', Array)
#9 D:\الترم الخامس\ITPM\Project\smart-campus-portal\vendor\laravel\framework\src\Illuminate\Foundation\Exceptions\Handler.php(915): Illuminate\Foundation\Exceptions\RegisterErrorViewPaths->__invoke()
#10 D:\الترم الخامس\ITPM\Project\smart-campus-portal\vendor\laravel\framework\src\Illuminate\Foundation\Exceptions\Handler.php(890): Illuminate\Foundation\Exceptions\Handler->registerErrorViewPaths()
#11 D:\الترم الخامس\ITPM\Project\smart-campus-portal\vendor\laravel\framework\src\Illuminate\Foundation\Exceptions\Handler.php(815): Illuminate\Foundation\Exceptions\Handler->renderHttpException(Object(Symfony\Component\HttpKernel\Exception\HttpException))
#12 D:\الترم الخامس\ITPM\Project\smart-campus-portal\vendor\laravel\framework\src\Illuminate\Foundation\Exceptions\Handler.php(706): Illuminate\Foundation\Exceptions\Handler->prepareResponse(Object(Illuminate\Http\Request), Object(Symfony\Component\HttpKernel\Exception\HttpException))
#13 D:\الترم الخامس\ITPM\Project\smart-campus-portal\vendor\laravel\framework\src\Illuminate\Foundation\Exceptions\Handler.php(594): Illuminate\Foundation\Exceptions\Handler->renderExceptionResponse(Object(Illuminate\Http\Request), Object(Illuminate\Contracts\Container\BindingResolutionException))
#14 D:\الترم الخامس\ITPM\Project\smart-campus-portal\vendor\laravel\framework\src\Illuminate\Foundation\Bootstrap\HandleExceptions.php(221): Illuminate\Foundation\Exceptions\Handler->render(Object(Illuminate\Http\Request), Object(Illuminate\Contracts\Container\BindingResolutionException))
#15 D:\الترم الخامس\ITPM\Project\smart-campus-portal\vendor\laravel\framework\src\Illuminate\Foundation\Bootstrap\HandleExceptions.php(198): Illuminate\Foundation\Bootstrap\HandleExceptions->renderHttpResponse(Object(Illuminate\Contracts\Container\BindingResolutionException))
#16 D:\الترم الخامس\ITPM\Project\smart-campus-portal\vendor\laravel\framework\src\Illuminate\Foundation\Bootstrap\HandleExceptions.php(258): Illuminate\Foundation\Bootstrap\HandleExceptions->handleException(Object(Illuminate\Contracts\Container\BindingResolutionException))
#17 [internal function]: Illuminate\Foundation\Bootstrap\HandleExceptions->Illuminate\Foundation\Bootstrap\{closure}(Object(Illuminate\Contracts\Container\BindingResolutionException))
#18 {main}
  thrown {"exception":"[object] (Symfony\\Component\\ErrorHandler\\Error\\FatalError(code: 0): Uncaught ReflectionException: Class \"view\" does not exist in D:\\الترم الخامس\\ITPM\\Project\\smart-campus-portal\\vendor\\laravel\\framework\\src\\Illuminate\\Container\\Container.php:959
Stack trace:
#0 D:\\الترم الخامس\\ITPM\\Project\\smart-campus-portal\\vendor\\laravel\\framework\\src\\Illuminate\\Container\\Container.php(959): ReflectionClass->__construct('view')
#1 D:\\الترم الخامس\\ITPM\\Project\\smart-campus-portal\\vendor\\laravel\\framework\\src\\Illuminate\\Container\\Container.php(832): Illuminate\\Container\\Container->build('view')
#2 D:\\الترم الخامس\\ITPM\\Project\\smart-campus-portal\\vendor\\laravel\\framework\\src\\Illuminate\\Foundation\\Application.php(1078): Illuminate\\Container\\Container->resolve('view', Array, true)
#3 D:\\الترم الخامس\\ITPM\\Project\\smart-campus-portal\\vendor\\laravel\\framework\\src\\Illuminate\\Container\\Container.php(763): Illuminate\\Foundation\\Application->resolve('view', Array)
#4 D:\\الترم الخامس\\ITPM\\Project\\smart-campus-portal\\vendor\\laravel\\framework\\src\\Illuminate\\Foundation\\Application.php(1058): Illuminate\\Container\\Container->make('view', Array)
#5 D:\\الترم الخامس\\ITPM\\Project\\smart-campus-portal\\vendor\\laravel\\framework\\src\\Illuminate\\Container\\Container.php(1580): Illuminate\\Foundation\\Application->make('view')
#6 D:\\الترم الخامس\\ITPM\\Project\\smart-campus-portal\\vendor\\laravel\\framework\\src\\Illuminate\\Support\\Facades\\Facade.php(239): Illuminate\\Container\\Container->offsetGet('view')
#7 D:\\الترم الخامس\\ITPM\\Project\\smart-campus-portal\\vendor\\laravel\\framework\\src\\Illuminate\\Support\\Facades\\Facade.php(210): Illuminate\\Support\\Facades\\Facade::resolveFacadeInstance('view')
#8 D:\\الترم الخامس\\ITPM\\Project\\smart-campus-portal\\vendor\\laravel\\framework\\src\\Illuminate\\Support\\Facades\\Facade.php(355): Illuminate\\Support\\Facades\\Facade::getFacadeRoot()
#9 D:\\الترم الخامس\\ITPM\\Project\\smart-campus-portal\\vendor\\laravel\\framework\\src\\Illuminate\\Foundation\\Exceptions\\RegisterErrorViewPaths.php(17): Illuminate\\Support\\Facades\\Facade::__callStatic('replaceNamespac...', Array)
#10 D:\\الترم الخامس\\ITPM\\Project\\smart-campus-portal\\vendor\\laravel\\framework\\src\\Illuminate\\Foundation\\Exceptions\\Handler.php(915): Illuminate\\Foundation\\Exceptions\\RegisterErrorViewPaths->__invoke()
#11 D:\\الترم الخامس\\ITPM\\Project\\smart-campus-portal\\vendor\\laravel\\framework\\src\\Illuminate\\Foundation\\Exceptions\\Handler.php(890): Illuminate\\Foundation\\Exceptions\\Handler->registerErrorViewPaths()
#12 D:\\الترم الخامس\\ITPM\\Project\\smart-campus-portal\\vendor\\laravel\\framework\\src\\Illuminate\\Foundation\\Exceptions\\Handler.php(815): Illuminate\\Foundation\\Exceptions\\Handler->renderHttpException(Object(Symfony\\Component\\HttpKernel\\Exception\\HttpException))
#13 D:\\الترم الخامس\\ITPM\\Project\\smart-campus-portal\\vendor\\laravel\\framework\\src\\Illuminate\\Foundation\\Exceptions\\Handler.php(706): Illuminate\\Foundation\\Exceptions\\Handler->prepareResponse(Object(Illuminate\\Http\\Request), Object(Symfony\\Component\\HttpKernel\\Exception\\HttpException))
#14 D:\\الترم الخامس\\ITPM\\Project\\smart-campus-portal\\vendor\\laravel\\framework\\src\\Illuminate\\Foundation\\Exceptions\\Handler.php(594): Illuminate\\Foundation\\Exceptions\\Handler->renderExceptionResponse(Object(Illuminate\\Http\\Request), Object(Illuminate\\Contracts\\Container\\BindingResolutionException))
#15 D:\\الترم الخامس\\ITPM\\Project\\smart-campus-portal\\vendor\\laravel\\framework\\src\\Illuminate\\Foundation\\Bootstrap\\HandleExceptions.php(221): Illuminate\\Foundation\\Exceptions\\Handler->render(Object(Illuminate\\Http\\Request), Object(Illuminate\\Contracts\\Container\\BindingResolutionException))
#16 D:\\الترم الخامس\\ITPM\\Project\\smart-campus-portal\\vendor\\laravel\\framework\\src\\Illuminate\\Foundation\\Bootstrap\\HandleExceptions.php(198): Illuminate\\Foundation\\Bootstrap\\HandleExceptions->renderHttpResponse(Object(Illuminate\\Contracts\\Container\\BindingResolutionException))
#17 D:\\الترم الخامس\\ITPM\\Project\\smart-campus-portal\\vendor\\laravel\\framework\\src\\Illuminate\\Foundation\\Bootstrap\\HandleExceptions.php(258): Illuminate\\Foundation\\Bootstrap\\HandleExceptions->handleException(Object(Illuminate\\Contracts\\Container\\BindingResolutionException))
#18 [internal function]: Illuminate\\Foundation\\Bootstrap\\HandleExceptions->Illuminate\\Foundation\\Bootstrap\\{closure}(Object(Illuminate\\Contracts\\Container\\BindingResolutionException))
#19 {main}

Next Illuminate\\Contracts\\Container\\BindingResolutionException: Target class [view] does not exist. in D:\\الترم الخامس\\ITPM\\Project\\smart-campus-portal\\vendor\\laravel\\framework\\src\\Illuminate\\Container\\Container.php:961
Stack trace:
#0 D:\\الترم الخامس\\ITPM\\Project\\smart-campus-portal\\vendor\\laravel\\framework\\src\\Illuminate\\Container\\Container.php(832): Illuminate\\Container\\Container->build('view')
#1 D:\\الترم الخامس\\ITPM\\Project\\smart-campus-portal\\vendor\\laravel\\framework\\src\\Illuminate\\Foundation\\Application.php(1078): Illuminate\\Container\\Container->resolve('view', Array, true)
#2 D:\\الترم الخامس\\ITPM\\Project\\smart-campus-portal\\vendor\\laravel\\framework\\src\\Illuminate\\Container\\Container.php(763): Illuminate\\Foundation\\Application->resolve('view', Array)
#3 D:\\الترم الخامس\\ITPM\\Project\\smart-campus-portal\\vendor\\laravel\\framework\\src\\Illuminate\\Foundation\\Application.php(1058): Illuminate\\Container\\Container->make('view', Array)
#4 D:\\الترم الخامس\\ITPM\\Project\\smart-campus-portal\\vendor\\laravel\\framework\\src\\Illuminate\\Container\\Container.php(1580): Illuminate\\Foundation\\Application->make('view')
#5 D:\\الترم الخامس\\ITPM\\Project\\smart-campus-portal\\vendor\\laravel\\framework\\src\\Illuminate\\Support\\Facades\\Facade.php(239): Illuminate\\Container\\Container->offsetGet('view')
#6 D:\\الترم الخامس\\ITPM\\Project\\smart-campus-portal\\vendor\\laravel\\framework\\src\\Illuminate\\Support\\Facades\\Facade.php(210): Illuminate\\Support\\Facades\\Facade::resolveFacadeInstance('view')
#7 D:\\الترم الخامس\\ITPM\\Project\\smart-campus-portal\\vendor\\laravel\\framework\\src\\Illuminate\\Support\\Facades\\Facade.php(355): Illuminate\\Support\\Facades\\Facade::getFacadeRoot()
#8 D:\\الترم الخامس\\ITPM\\Project\\smart-campus-portal\\vendor\\laravel\\framework\\src\\Illuminate\\Foundation\\Exceptions\\RegisterErrorViewPaths.php(17): Illuminate\\Support\\Facades\\Facade::__callStatic('replaceNamespac...', Array)
#9 D:\\الترم الخامس\\ITPM\\Project\\smart-campus-portal\\vendor\\laravel\\framework\\src\\Illuminate\\Foundation\\Exceptions\\Handler.php(915): Illuminate\\Foundation\\Exceptions\\RegisterErrorViewPaths->__invoke()
#10 D:\\الترم الخامس\\ITPM\\Project\\smart-campus-portal\\vendor\\laravel\\framework\\src\\Illuminate\\Foundation\\Exceptions\\Handler.php(890): Illuminate\\Foundation\\Exceptions\\Handler->registerErrorViewPaths()
#11 D:\\الترم الخامس\\ITPM\\Project\\smart-campus-portal\\vendor\\laravel\\framework\\src\\Illuminate\\Foundation\\Exceptions\\Handler.php(815): Illuminate\\Foundation\\Exceptions\\Handler->renderHttpException(Object(Symfony\\Component\\HttpKernel\\Exception\\HttpException))
#12 D:\\الترم الخامس\\ITPM\\Project\\smart-campus-portal\\vendor\\laravel\\framework\\src\\Illuminate\\Foundation\\Exceptions\\Handler.php(706): Illuminate\\Foundation\\Exceptions\\Handler->prepareResponse(Object(Illuminate\\Http\\Request), Object(Symfony\\Component\\HttpKernel\\Exception\\HttpException))
#13 D:\\الترم الخامس\\ITPM\\Project\\smart-campus-portal\\vendor\\laravel\\framework\\src\\Illuminate\\Foundation\\Exceptions\\Handler.php(594): Illuminate\\Foundation\\Exceptions\\Handler->renderExceptionResponse(Object(Illuminate\\Http\\Request), Object(Illuminate\\Contracts\\Container\\BindingResolutionException))
#14 D:\\الترم الخامس\\ITPM\\Project\\smart-campus-portal\\vendor\\laravel\\framework\\src\\Illuminate\\Foundation\\Bootstrap\\HandleExceptions.php(221): Illuminate\\Foundation\\Exceptions\\Handler->render(Object(Illuminate\\Http\\Request), Object(Illuminate\\Contracts\\Container\\BindingResolutionException))
#15 D:\\الترم الخامس\\ITPM\\Project\\smart-campus-portal\\vendor\\laravel\\framework\\src\\Illuminate\\Foundation\\Bootstrap\\HandleExceptions.php(198): Illuminate\\Foundation\\Bootstrap\\HandleExceptions->renderHttpResponse(Object(Illuminate\\Contracts\\Container\\BindingResolutionException))
#16 D:\\الترم الخامس\\ITPM\\Project\\smart-campus-portal\\vendor\\laravel\\framework\\src\\Illuminate\\Foundation\\Bootstrap\\HandleExceptions.php(258): Illuminate\\Foundation\\Bootstrap\\HandleExceptions->handleException(Object(Illuminate\\Contracts\\Container\\BindingResolutionException))
#17 [internal function]: Illuminate\\Foundation\\Bootstrap\\HandleExceptions->Illuminate\\Foundation\\Bootstrap\\{closure}(Object(Illuminate\\Contracts\\Container\\BindingResolutionException))
#18 {main}
  thrown at D:/الترم الخامس/ITPM/Project/smart-campus-portal/vendor/laravel/framework/src/Illuminate/Container/Container.php:961)
[stacktrace]
#0 {main}
"} 
[2026-09-20 07:59:55] production.ERROR: The D:\الترم الخامس\ITPM\Project\smart-campus-portal\bootstrap\cache directory must be present and writable. {"exception":"[object] (Exception(code: 0): The D:\\الترم الخامس\\ITPM\\Project\\smart-campus-portal\\bootstrap\\cache directory must be present and writable. at D:/الترم الخامس/ITPM/Project/smart-campus-portal/vendor/laravel/framework/src/Illuminate/Foundation/PackageManifest.php:179)
[stacktrace]
#0 D:/الترم الخامس/ITPM/Project/smart-campus-portal/vendor/laravel/framework/src/Illuminate/Foundation/PackageManifest.php(132): Illuminate/Foundation/PackageManifest->write(Array)
#1 D:/الترم الخامس/ITPM/Project/smart-campus-portal/vendor/laravel/framework/src/Illuminate/Foundation/PackageManifest.php(108): Illuminate/Foundation/PackageManifest->build()
#2 D:/الترم الخامس/ITPM/Project/smart-campus-portal/vendor/laravel/framework/src/Illuminate/Foundation/PackageManifest.php(91): Illuminate/Foundation/PackageManifest->getManifest()
#3 D:/الترم الخامس/ITPM/Project/smart-campus-portal/vendor/laravel/framework/src/Illuminate/Foundation/PackageManifest.php(80): Illuminate/Foundation/PackageManifest->config('aliases')
#4 D:/الترم الخامس/ITPM/Project/smart-campus-portal/vendor/laravel/framework/src/Illuminate/Foundation/Bootstrap/RegisterFacades.php(26): Illuminate/Foundation/PackageManifest->aliases()
#5 D:/الترم الخامس/ITPM/Project/smart-campus-portal/vendor/laravel/framework/src/Illuminate/Foundation/Application.php(342): Illuminate/Foundation/Bootstrap/RegisterFacades->bootstrap(Object(Illuminate/Foundation/Application))
#6 D:/الترم الخامس/ITPM/Project/smart-campus-portal/vendor/laravel/framework/src/Illuminate/Foundation/Http/Kernel.php(187): Illuminate/Foundation/Application->bootstrapWith(Array)
#7 D:/الترم الخامس/ITPM/Project/smart-campus-portal/vendor/laravel/framework/src/Illuminate/Foundation/Http/Kernel.php(171): Illuminate/Foundation/Http/Kernel->bootstrap()
#8 D:/الترم الخامس/ITPM/Project/smart-campus-portal/vendor/laravel/framework/src/Illuminate/Foundation/Http/Kernel.php(145): Illuminate/Foundation/Http/Kernel->sendRequestThroughRouter(Object(Illuminate/Http/Request))
#9 D:/الترم الخامس/ITPM/Project/smart-campus-portal/vendor/laravel/framework/src/Illuminate/Foundation/Application.php(1220): Illuminate/Foundation/Http/Kernel->handle(Object(Illuminate/Http/Request))
#10 D:/الترم الخامس/ITPM/Project/smart-campus-portal/public/index.php(20): Illuminate/Foundation/Application->handleRequest(Object(Illuminate/Http/Request))
#11 {main}
"} 
[2026-09-20 07:59:55] production.ERROR: Target class [view] does not exist. {"exception":"[object] (Illuminate\\Contracts\\Container\\BindingResolutionException(code: 0): Target class [view] does not exist. at D:/الترم الخامس/ITPM/Project/smart-campus-portal/vendor/laravel/framework/src/Illuminate/Container/Container.php:961)
[stacktrace]
#0 D:/الترم الخامس/ITPM/Project/smart-campus-portal/vendor/laravel/framework/src/Illuminate/Container/Container.php(832): Illuminate/Container/Container->build('view')
#1 D:/الترم الخامس/ITPM/Project/smart-campus-portal/vendor/laravel/framework/src/Illuminate/Foundation/Application.php(1078): Illuminate/Container/Container->resolve('view', Array, true)
#2 D:/الترم الخامس/ITPM/Project/smart-campus-portal/vendor/laravel/framework/src/Illuminate/Container/Container.php(763): Illuminate/Foundation/Application->resolve('view', Array)
#3 D:/الترم الخامس/ITPM/Project/smart-campus-portal/vendor/laravel/framework/src/Illuminate/Foundation/Application.php(1058): Illuminate/Container/Container->make('view', Array)
#4 D:/الترم الخامس/ITPM/Project/smart-campus-portal/vendor/laravel/framework/src/Illuminate/Container/Container.php(1580): Illuminate/Foundation/Application->make('view')
#5 D:/الترم الخامس/ITPM/Project/smart-campus-portal/vendor/laravel/framework/src/Illuminate/Support/Facades/Facade.php(239): Illuminate/Container/Container->offsetGet('view')
#6 D:/الترم الخامس/ITPM/Project/smart-campus-portal/vendor/laravel/framework/src/Illuminate/Support/Facades/Facade.php(210): Illuminate/Support/Facades/Facade::resolveFacadeInstance('view')
#7 D:/الترم الخامس/ITPM/Project/smart-campus-portal/vendor/laravel/framework/src/Illuminate/Support/Facades/Facade.php(355): Illuminate/Support/Facades/Facade::getFacadeRoot()
#8 D:/الترم الخامس/ITPM/Project/smart-campus-portal/vendor/laravel/framework/src/Illuminate/Foundation/Exceptions/RegisterErrorViewPaths.php(17): Illuminate/Support/Facades/Facade::__callStatic('replaceNamespac...', Array)
#9 D:/الترم الخامس/ITPM/Project/smart-campus-portal/vendor/laravel/framework/src/Illuminate/Foundation/Exceptions/Handler.php(915): Illuminate/Foundation/Exceptions/RegisterErrorViewPaths->__invoke()
#10 D:/الترم الخامس/ITPM/Project/smart-campus-portal/vendor/laravel/framework/src/Illuminate/Foundation/Exceptions/Handler.php(890): Illuminate/Foundation/Exceptions/Handler->registerErrorViewPaths()
#11 D:/الترم الخامس/ITPM/Project/smart-campus-portal/vendor/laravel/framework/src/Illuminate/Foundation/Exceptions/Handler.php(815): Illuminate/Foundation/Exceptions/Handler->renderHttpException(Object(Symfony/Component/HttpKernel/Exception/HttpException))
#12 D:/الترم الخامس/ITPM/Project/smart-campus-portal/vendor/laravel/framework/src/Illuminate/Foundation/Exceptions/Handler.php(706): Illuminate/Foundation/Exceptions/Handler->prepareResponse(Object(Illuminate/Http/Request), Object(Symfony/Component/HttpKernel/Exception/HttpException))
#13 D:/الترم الخامس/ITPM/Project/smart-campus-portal/vendor/laravel/framework/src/Illuminate/Foundation/Exceptions/Handler.php(594): Illuminate/Foundation/Exceptions/Handler->renderExceptionResponse(Object(Illuminate/Http/Request), Object(Exception))
#14 D:/الترم الخامس/ITPM/Project/smart-campus-portal/vendor/laravel/framework/src/Illuminate/Foundation/Http/Kernel.php(575): Illuminate/Foundation/Exceptions/Handler->render(Object(Illuminate/Http/Request), Object(Exception))
#15 D:/الترم الخامس/ITPM/Project/smart-campus-portal/vendor/laravel/framework/src/Illuminate/Foundation/Http/Kernel.php(149): Illuminate/Foundation/Http/Kernel->renderException(Object(Illuminate/Http/Request), Object(Exception))
#16 D:/الترم الخامس/ITPM/Project/smart-campus-portal/vendor/laravel/framework/src/Illuminate/Foundation/Application.php(1220): Illuminate/Foundation/Http/Kernel->handle(Object(Illuminate/Http/Request))
#17 D:/الترم الخامس/ITPM/Project/smart-campus-portal/public/index.php(20): Illuminate/Foundation/Application->handleRequest(Object(Illuminate/Http/Request))
#18 {main}

[previous exception] [object] (ReflectionException(code: -1): Class \"view\" does not exist at D:/الترم الخامس/ITPM/Project/smart-campus-portal/vendor/laravel/framework/src/Illuminate/Container/Container.php:959)
[stacktrace]
#0 D:/الترم الخامس/ITPM/Project/smart-campus-portal/vendor/laravel/framework/src/Illuminate/Container/Container.php(959): ReflectionClass->__construct('view')
#1 D:/الترم الخامس/ITPM/Project/smart-campus-portal/vendor/laravel/framework/src/Illuminate/Container/Container.php(832): Illuminate/Container/Container->build('view')
#2 D:/الترم الخامس/ITPM/Project/smart-campus-portal/vendor/laravel/framework/src/Illuminate/Foundation/Application.php(1078): Illuminate/Container/Container->resolve('view', Array, true)
#3 D:/الترم الخامس/ITPM/Project/smart-campus-portal/vendor/laravel/framework/src/Illuminate/Container/Container.php(763): Illuminate/Foundation/Application->resolve('view', Array)
#4 D:/الترم الخامس/ITPM/Project/smart-campus-portal/vendor/laravel/framework/src/Illuminate/Foundation/Application.php(1058): Illuminate/Container/Container->make('view', Array)
#5 D:/الترم الخامس/ITPM/Project/smart-campus-portal/vendor/laravel/framework/src/Illuminate/Container/Container.php(1580): Illuminate/Foundation/Application->make('view')
#6 D:/الترم الخامس/ITPM/Project/smart-campus-portal/vendor/laravel/framework/src/Illuminate/Support/Facades/Facade.php(239): Illuminate/Container/Container->offsetGet('view')
#7 D:/الترم الخامس/ITPM/Project/smart-campus-portal/vendor/laravel/framework/src/Illuminate/Support/Facades/Facade.php(210): Illuminate/Support/Facades/Facade::resolveFacadeInstance('view')
#8 D:/الترم الخامس/ITPM/Project/smart-campus-portal/vendor/laravel/framework/src/Illuminate/Support/Facades/Facade.php(355): Illuminate/Support/Facades/Facade::getFacadeRoot()
#9 D:/الترم الخامس/ITPM/Project/smart-campus-portal/vendor/laravel/framework/src/Illuminate/Foundation/Exceptions/RegisterErrorViewPaths.php(17): Illuminate/Support/Facades/Facade::__callStatic('replaceNamespac...', Array)
#10 D:/الترم الخامس/ITPM/Project/smart-campus-portal/vendor/laravel/framework/src/Illuminate/Foundation/Exceptions/Handler.php(915): Illuminate/Foundation/Exceptions/RegisterErrorViewPaths->__invoke()
#11 D:/الترم الخامس/ITPM/Project/smart-campus-portal/vendor/laravel/framework/src/Illuminate/Foundation/Exceptions/Handler.php(890): Illuminate/Foundation/Exceptions/Handler->registerErrorViewPaths()
#12 D:/الترم الخامس/ITPM/Project/smart-campus-portal/vendor/laravel/framework/src/Illuminate/Foundation/Exceptions/Handler.php(815): Illuminate/Foundation/Exceptions/Handler->renderHttpException(Object(Symfony/Component/HttpKernel/Exception/HttpException))
#13 D:/الترم الخامس/ITPM/Project/smart-campus-portal/vendor/laravel/framework/src/Illuminate/Foundation/Exceptions/Handler.php(706): Illuminate/Foundation/Exceptions/Handler->prepareResponse(Object(Illuminate/Http/Request), Object(Symfony/Component/HttpKernel/Exception/HttpException))
#14 D:/الترم الخامس/ITPM/Project/smart-campus-portal/vendor/laravel/framework/src/Illuminate/Foundation/Exceptions/Handler.php(594): Illuminate/Foundation/Exceptions/Handler->renderExceptionResponse(Object(Illuminate/Http/Request), Object(Exception))
#15 D:/الترم الخامس/ITPM/Project/smart-campus-portal/vendor/laravel/framework/src/Illuminate/Foundation/Http/Kernel.php(575): Illuminate/Foundation/Exceptions/Handler->render(Object(Illuminate/Http/Request), Object(Exception))
#16 D:/الترم الخامس/ITPM/Project/smart-campus-portal/vendor/laravel/framework/src/Illuminate/Foundation/Http/Kernel.php(149): Illuminate/Foundation/Http/Kernel->renderException(Object(Illuminate/Http/Request), Object(Exception))
#17 D:/الترم الخامس/ITPM/Project/smart-campus-portal/vendor/laravel/framework/src/Illuminate/Foundation/Application.php(1220): Illuminate/Foundation/Http/Kernel->handle(Object(Illuminate/Http/Request))
#18 D:/الترم الخامس/ITPM/Project/smart-campus-portal/public/index.php(20): Illuminate/Foundation/Application->handleRequest(Object(Illuminate/Http/Request))
#19 {main}
"} 
[2026-09-20 07:59:55] production.ERROR: Uncaught ReflectionException: Class "view" does not exist in D:\الترم الخامس\ITPM\Project\smart-campus-portal\vendor\laravel\framework\src\Illuminate\Container\Container.php:959
Stack trace:
#0 D:\الترم الخامس\ITPM\Project\smart-campus-portal\vendor\laravel\framework\src\Illuminate\Container\Container.php(959): ReflectionClass->__construct('view')
#1 D:\الترم الخامس\ITPM\Project\smart-campus-portal\vendor\laravel\framework\src\Illuminate\Container\Container.php(832): Illuminate\Container\Container->build('view')
#2 D:\الترم الخامس\ITPM\Project\smart-campus-portal\vendor\laravel\framework\src\Illuminate\Foundation\Application.php(1078): Illuminate\Container\Container->resolve('view', Array, true)
#3 D:\الترم الخامس\ITPM\Project\smart-campus-portal\vendor\laravel\framework\src\Illuminate\Container\Container.php(763): Illuminate\Foundation\Application->resolve('view', Array)
#4 D:\الترم الخامس\ITPM\Project\smart-campus-portal\vendor\laravel\framework\src\Illuminate\Foundation\Application.php(1058): Illuminate\Container\Container->make('view', Array)
#5 D:\الترم الخامس\ITPM\Project\smart-campus-portal\vendor\laravel\framework\src\Illuminate\Container\Container.php(1580): Illuminate\Foundation\Application->make('view')
#6 D:\الترم الخامس\ITPM\Project\smart-campus-portal\vendor\laravel\framework\src\Illuminate\Support\Facades\Facade.php(239): Illuminate\Container\Container->offsetGet('view')
#7 D:\الترم الخامس\ITPM\Project\smart-campus-portal\vendor\laravel\framework\src\Illuminate\Support\Facades\Facade.php(210): Illuminate\Support\Facades\Facade::resolveFacadeInstance('view')
#8 D:\الترم الخامس\ITPM\Project\smart-campus-portal\vendor\laravel\framework\src\Illuminate\Support\Facades\Facade.php(355): Illuminate\Support\Facades\Facade::getFacadeRoot()
#9 D:\الترم الخامس\ITPM\Project\smart-campus-portal\vendor\laravel\framework\src\Illuminate\Foundation\Exceptions\RegisterErrorViewPaths.php(17): Illuminate\Support\Facades\Facade::__callStatic('replaceNamespac...', Array)
#10 D:\الترم الخامس\ITPM\Project\smart-campus-portal\vendor\laravel\framework\src\Illuminate\Foundation\Exceptions\Handler.php(915): Illuminate\Foundation\Exceptions\RegisterErrorViewPaths->__invoke()
#11 D:\الترم الخامس\ITPM\Project\smart-campus-portal\vendor\laravel\framework\src\Illuminate\Foundation\Exceptions\Handler.php(890): Illuminate\Foundation\Exceptions\Handler->registerErrorViewPaths()
#12 D:\الترم الخامس\ITPM\Project\smart-campus-portal\vendor\laravel\framework\src\Illuminate\Foundation\Exceptions\Handler.php(815): Illuminate\Foundation\Exceptions\Handler->renderHttpException(Object(Symfony\Component\HttpKernel\Exception\HttpException))
#13 D:\الترم الخامس\ITPM\Project\smart-campus-portal\vendor\laravel\framework\src\Illuminate\Foundation\Exceptions\Handler.php(706): Illuminate\Foundation\Exceptions\Handler->prepareResponse(Object(Illuminate\Http\Request), Object(Symfony\Component\HttpKernel\Exception\HttpException))
#14 D:\الترم الخامس\ITPM\Project\smart-campus-portal\vendor\laravel\framework\src\Illuminate\Foundation\Exceptions\Handler.php(594): Illuminate\Foundation\Exceptions\Handler->renderExceptionResponse(Object(Illuminate\Http\Request), Object(Illuminate\Contracts\Container\BindingResolutionException))
#15 D:\الترم الخامس\ITPM\Project\smart-campus-portal\vendor\laravel\framework\src\Illuminate\Foundation\Bootstrap\HandleExceptions.php(221): Illuminate\Foundation\Exceptions\Handler->render(Object(Illuminate\Http\Request), Object(Illuminate\Contracts\Container\BindingResolutionException))
#16 D:\الترم الخامس\ITPM\Project\smart-campus-portal\vendor\laravel\framework\src\Illuminate\Foundation\Bootstrap\HandleExceptions.php(198): Illuminate\Foundation\Bootstrap\HandleExceptions->renderHttpResponse(Object(Illuminate\Contracts\Container\BindingResolutionException))
#17 D:\الترم الخامس\ITPM\Project\smart-campus-portal\vendor\laravel\framework\src\Illuminate\Foundation\Bootstrap\HandleExceptions.php(258): Illuminate\Foundation\Bootstrap\HandleExceptions->handleException(Object(Illuminate\Contracts\Container\BindingResolutionException))
#18 [internal function]: Illuminate\Foundation\Bootstrap\HandleExceptions->Illuminate\Foundation\Bootstrap\{closure}(Object(Illuminate\Contracts\Container\BindingResolutionException))
#19 {main}

Next Illuminate\Contracts\Container\BindingResolutionException: Target class [view] does not exist. in D:\الترم الخامس\ITPM\Project\smart-campus-portal\vendor\laravel\framework\src\Illuminate\Container\Container.php:961
Stack trace:
#0 D:\الترم الخامس\ITPM\Project\smart-campus-portal\vendor\laravel\framework\src\Illuminate\Container\Container.php(832): Illuminate\Container\Container->build('view')
#1 D:\الترم الخامس\ITPM\Project\smart-campus-portal\vendor\laravel\framework\src\Illuminate\Foundation\Application.php(1078): Illuminate\Container\Container->resolve('view', Array, true)
#2 D:\الترم الخامس\ITPM\Project\smart-campus-portal\vendor\laravel\framework\src\Illuminate\Container\Container.php(763): Illuminate\Foundation\Application->resolve('view', Array)
#3 D:\الترم الخامس\ITPM\Project\smart-campus-portal\vendor\laravel\framework\src\Illuminate\Foundation\Application.php(1058): Illuminate\Container\Container->make('view', Array)
#4 D:\الترم الخامس\ITPM\Project\smart-campus-portal\vendor\laravel\framework\src\Illuminate\Container\Container.php(1580): Illuminate\Foundation\Application->make('view')
#5 D:\الترم الخامس\ITPM\Project\smart-campus-portal\vendor\laravel\framework\src\Illuminate\Support\Facades\Facade.php(239): Illuminate\Container\Container->offsetGet('view')
#6 D:\الترم الخامس\ITPM\Project\smart-campus-portal\vendor\laravel\framework\src\Illuminate\Support\Facades\Facade.php(210): Illuminate\Support\Facades\Facade::resolveFacadeInstance('view')
#7 D:\الترم الخامس\ITPM\Project\smart-campus-portal\vendor\laravel\framework\src\Illuminate\Support\Facades\Facade.php(355): Illuminate\Support\Facades\Facade::getFacadeRoot()
#8 D:\الترم الخامس\ITPM\Project\smart-campus-portal\vendor\laravel\framework\src\Illuminate\Foundation\Exceptions\RegisterErrorViewPaths.php(17): Illuminate\Support\Facades\Facade::__callStatic('replaceNamespac...', Array)
#9 D:\الترم الخامس\ITPM\Project\smart-campus-portal\vendor\laravel\framework\src\Illuminate\Foundation\Exceptions\Handler.php(915): Illuminate\Foundation\Exceptions\RegisterErrorViewPaths->__invoke()
#10 D:\الترم الخامس\ITPM\Project\smart-campus-portal\vendor\laravel\framework\src\Illuminate\Foundation\Exceptions\Handler.php(890): Illuminate\Foundation\Exceptions\Handler->registerErrorViewPaths()
#11 D:\الترم الخامس\ITPM\Project\smart-campus-portal\vendor\laravel\framework\src\Illuminate\Foundation\Exceptions\Handler.php(815): Illuminate\Foundation\Exceptions\Handler->renderHttpException(Object(Symfony\Component\HttpKernel\Exception\HttpException))
#12 D:\الترم الخامس\ITPM\Project\smart-campus-portal\vendor\laravel\framework\src\Illuminate\Foundation\Exceptions\Handler.php(706): Illuminate\Foundation\Exceptions\Handler->prepareResponse(Object(Illuminate\Http\Request), Object(Symfony\Component\HttpKernel\Exception\HttpException))
#13 D:\الترم الخامس\ITPM\Project\smart-campus-portal\vendor\laravel\framework\src\Illuminate\Foundation\Exceptions\Handler.php(594): Illuminate\Foundation\Exceptions\Handler->renderExceptionResponse(Object(Illuminate\Http\Request), Object(Illuminate\Contracts\Container\BindingResolutionException))
#14 D:\الترم الخامس\ITPM\Project\smart-campus-portal\vendor\laravel\framework\src\Illuminate\Foundation\Bootstrap\HandleExceptions.php(221): Illuminate\Foundation\Exceptions\Handler->render(Object(Illuminate\Http\Request), Object(Illuminate\Contracts\Container\BindingResolutionException))
#15 D:\الترم الخامس\ITPM\Project\smart-campus-portal\vendor\laravel\framework\src\Illuminate\Foundation\Bootstrap\HandleExceptions.php(198): Illuminate\Foundation\Bootstrap\HandleExceptions->renderHttpResponse(Object(Illuminate\Contracts\Container\BindingResolutionException))
#16 D:\الترم الخامس\ITPM\Project\smart-campus-portal\vendor\laravel\framework\src\Illuminate\Foundation\Bootstrap\HandleExceptions.php(258): Illuminate\Foundation\Bootstrap\HandleExceptions->handleException(Object(Illuminate\Contracts\Container\BindingResolutionException))
#17 [internal function]: Illuminate\Foundation\Bootstrap\HandleExceptions->Illuminate\Foundation\Bootstrap\{closure}(Object(Illuminate\Contracts\Container\BindingResolutionException))
#18 {main}
  thrown {"exception":"[object] (Symfony\\Component\\ErrorHandler\\Error\\FatalError(code: 0): Uncaught ReflectionException: Class \"view\" does not exist in D:\\الترم الخامس\\ITPM\\Project\\smart-campus-portal\\vendor\\laravel\\framework\\src\\Illuminate\\Container\\Container.php:959
Stack trace:
#0 D:\\الترم الخامس\\ITPM\\Project\\smart-campus-portal\\vendor\\laravel\\framework\\src\\Illuminate\\Container\\Container.php(959): ReflectionClass->__construct('view')
#1 D:\\الترم الخامس\\ITPM\\Project\\smart-campus-portal\\vendor\\laravel\\framework\\src\\Illuminate\\Container\\Container.php(832): Illuminate\\Container\\Container->build('view')
#2 D:\\الترم الخامس\\ITPM\\Project\\smart-campus-portal\\vendor\\laravel\\framework\\src\\Illuminate\\Foundation\\Application.php(1078): Illuminate\\Container\\Container->resolve('view', Array, true)
#3 D:\\الترم الخامس\\ITPM\\Project\\smart-campus-portal\\vendor\\laravel\\framework\\src\\Illuminate\\Container\\Container.php(763): Illuminate\\Foundation\\Application->resolve('view', Array)
#4 D:\\الترم الخامس\\ITPM\\Project\\smart-campus-portal\\vendor\\laravel\\framework\\src\\Illuminate\\Foundation\\Application.php(1058): Illuminate\\Container\\Container->make('view', Array)
#5 D:\\الترم الخامس\\ITPM\\Project\\smart-campus-portal\\vendor\\laravel\\framework\\src\\Illuminate\\Container\\Container.php(1580): Illuminate\\Foundation\\Application->make('view')
#6 D:\\الترم الخامس\\ITPM\\Project\\smart-campus-portal\\vendor\\laravel\\framework\\src\\Illuminate\\Support\\Facades\\Facade.php(239): Illuminate\\Container\\Container->offsetGet('view')
#7 D:\\الترم الخامس\\ITPM\\Project\\smart-campus-portal\\vendor\\laravel\\framework\\src\\Illuminate\\Support\\Facades\\Facade.php(210): Illuminate\\Support\\Facades\\Facade::resolveFacadeInstance('view')
#8 D:\\الترم الخامس\\ITPM\\Project\\smart-campus-portal\\vendor\\laravel\\framework\\src\\Illuminate\\Support\\Facades\\Facade.php(355): Illuminate\\Support\\Facades\\Facade::getFacadeRoot()
#9 D:\\الترم الخامس\\ITPM\\Project\\smart-campus-portal\\vendor\\laravel\\framework\\src\\Illuminate\\Foundation\\Exceptions\\RegisterErrorViewPaths.php(17): Illuminate\\Support\\Facades\\Facade::__callStatic('replaceNamespac...', Array)
#10 D:\\الترم الخامس\\ITPM\\Project\\smart-campus-portal\\vendor\\laravel\\framework\\src\\Illuminate\\Foundation\\Exceptions\\Handler.php(915): Illuminate\\Foundation\\Exceptions\\RegisterErrorViewPaths->__invoke()
#11 D:\\الترم الخامس\\ITPM\\Project\\smart-campus-portal\\vendor\\laravel\\framework\\src\\Illuminate\\Foundation\\Exceptions\\Handler.php(890): Illuminate\\Foundation\\Exceptions\\Handler->registerErrorViewPaths()
#12 D:\\الترم الخامس\\ITPM\\Project\\smart-campus-portal\\vendor\\laravel\\framework\\src\\Illuminate\\Foundation\\Exceptions\\Handler.php(815): Illuminate\\Foundation\\Exceptions\\Handler->renderHttpException(Object(Symfony\\Component\\HttpKernel\\Exception\\HttpException))
#13 D:\\الترم الخامس\\ITPM\\Project\\smart-campus-portal\\vendor\\laravel\\framework\\src\\Illuminate\\Foundation\\Exceptions\\Handler.php(706): Illuminate\\Foundation\\Exceptions\\Handler->prepareResponse(Object(Illuminate\\Http\\Request), Object(Symfony\\Component\\HttpKernel\\Exception\\HttpException))
#14 D:\\الترم الخامس\\ITPM\\Project\\smart-campus-portal\\vendor\\laravel\\framework\\src\\Illuminate\\Foundation\\Exceptions\\Handler.php(594): Illuminate\\Foundation\\Exceptions\\Handler->renderExceptionResponse(Object(Illuminate\\Http\\Request), Object(Illuminate\\Contracts\\Container\\BindingResolutionException))
#15 D:\\الترم الخامس\\ITPM\\Project\\smart-campus-portal\\vendor\\laravel\\framework\\src\\Illuminate\\Foundation\\Bootstrap\\HandleExceptions.php(221): Illuminate\\Foundation\\Exceptions\\Handler->render(Object(Illuminate\\Http\\Request), Object(Illuminate\\Contracts\\Container\\BindingResolutionException))
#16 D:\\الترم الخامس\\ITPM\\Project\\smart-campus-portal\\vendor\\laravel\\framework\\src\\Illuminate\\Foundation\\Bootstrap\\HandleExceptions.php(198): Illuminate\\Foundation\\Bootstrap\\HandleExceptions->renderHttpResponse(Object(Illuminate\\Contracts\\Container\\BindingResolutionException))
#17 D:\\الترم الخامس\\ITPM\\Project\\smart-campus-portal\\vendor\\laravel\\framework\\src\\Illuminate\\Foundation\\Bootstrap\\HandleExceptions.php(258): Illuminate\\Foundation\\Bootstrap\\HandleExceptions->handleException(Object(Illuminate\\Contracts\\Container\\BindingResolutionException))
#18 [internal function]: Illuminate\\Foundation\\Bootstrap\\HandleExceptions->Illuminate\\Foundation\\Bootstrap\\{closure}(Object(Illuminate\\Contracts\\Container\\BindingResolutionException))
#19 {main}

Next Illuminate\\Contracts\\Container\\BindingResolutionException: Target class [view] does not exist. in D:\\الترم الخامس\\ITPM\\Project\\smart-campus-portal\\vendor\\laravel\\framework\\src\\Illuminate\\Container\\Container.php:961
Stack trace:
#0 D:\\الترم الخامس\\ITPM\\Project\\smart-campus-portal\\vendor\\laravel\\framework\\src\\Illuminate\\Container\\Container.php(832): Illuminate\\Container\\Container->build('view')
#1 D:\\الترم الخامس\\ITPM\\Project\\smart-campus-portal\\vendor\\laravel\\framework\\src\\Illuminate\\Foundation\\Application.php(1078): Illuminate\\Container\\Container->resolve('view', Array, true)
#2 D:\\الترم الخامس\\ITPM\\Project\\smart-campus-portal\\vendor\\laravel\\framework\\src\\Illuminate\\Container\\Container.php(763): Illuminate\\Foundation\\Application->resolve('view', Array)
#3 D:\\الترم الخامس\\ITPM\\Project\\smart-campus-portal\\vendor\\laravel\\framework\\src\\Illuminate\\Foundation\\Application.php(1058): Illuminate\\Container\\Container->make('view', Array)
#4 D:\\الترم الخامس\\ITPM\\Project\\smart-campus-portal\\vendor\\laravel\\framework\\src\\Illuminate\\Container\\Container.php(1580): Illuminate\\Foundation\\Application->make('view')
#5 D:\\الترم الخامس\\ITPM\\Project\\smart-campus-portal\\vendor\\laravel\\framework\\src\\Illuminate\\Support\\Facades\\Facade.php(239): Illuminate\\Container\\Container->offsetGet('view')
#6 D:\\الترم الخامس\\ITPM\\Project\\smart-campus-portal\\vendor\\laravel\\framework\\src\\Illuminate\\Support\\Facades\\Facade.php(210): Illuminate\\Support\\Facades\\Facade::resolveFacadeInstance('view')
#7 D:\\الترم الخامس\\ITPM\\Project\\smart-campus-portal\\vendor\\laravel\\framework\\src\\Illuminate\\Support\\Facades\\Facade.php(355): Illuminate\\Support\\Facades\\Facade::getFacadeRoot()
#8 D:\\الترم الخامس\\ITPM\\Project\\smart-campus-portal\\vendor\\laravel\\framework\\src\\Illuminate\\Foundation\\Exceptions\\RegisterErrorViewPaths.php(17): Illuminate\\Support\\Facades\\Facade::__callStatic('replaceNamespac...', Array)
#9 D:\\الترم الخامس\\ITPM\\Project\\smart-campus-portal\\vendor\\laravel\\framework\\src\\Illuminate\\Foundation\\Exceptions\\Handler.php(915): Illuminate\\Foundation\\Exceptions\\RegisterErrorViewPaths->__invoke()
#10 D:\\الترم الخامس\\ITPM\\Project\\smart-campus-portal\\vendor\\laravel\\framework\\src\\Illuminate\\Foundation\\Exceptions\\Handler.php(890): Illuminate\\Foundation\\Exceptions\\Handler->registerErrorViewPaths()
#11 D:\\الترم الخامس\\ITPM\\Project\\smart-campus-portal\\vendor\\laravel\\framework\\src\\Illuminate\\Foundation\\Exceptions\\Handler.php(815): Illuminate\\Foundation\\Exceptions\\Handler->renderHttpException(Object(Symfony\\Component\\HttpKernel\\Exception\\HttpException))
#12 D:\\الترم الخامس\\ITPM\\Project\\smart-campus-portal\\vendor\\laravel\\framework\\src\\Illuminate\\Foundation\\Exceptions\\Handler.php(706): Illuminate\\Foundation\\Exceptions\\Handler->prepareResponse(Object(Illuminate\\Http\\Request), Object(Symfony\\Component\\HttpKernel\\Exception\\HttpException))
#13 D:\\الترم الخامس\\ITPM\\Project\\smart-campus-portal\\vendor\\laravel\\framework\\src\\Illuminate\\Foundation\\Exceptions\\Handler.php(594): Illuminate\\Foundation\\Exceptions\\Handler->renderExceptionResponse(Object(Illuminate\\Http\\Request), Object(Illuminate\\Contracts\\Container\\BindingResolutionException))
#14 D:\\الترم الخامس\\ITPM\\Project\\smart-campus-portal\\vendor\\laravel\\framework\\src\\Illuminate\\Foundation\\Bootstrap\\HandleExceptions.php(221): Illuminate\\Foundation\\Exceptions\\Handler->render(Object(Illuminate\\Http\\Request), Object(Illuminate\\Contracts\\Container\\BindingResolutionException))
#15 D:\\الترم الخامس\\ITPM\\Project\\smart-campus-portal\\vendor\\laravel\\framework\\src\\Illuminate\\Foundation\\Bootstrap\\HandleExceptions.php(198): Illuminate\\Foundation\\Bootstrap\\HandleExceptions->renderHttpResponse(Object(Illuminate\\Contracts\\Container\\BindingResolutionException))
#16 D:\\الترم الخامس\\ITPM\\Project\\smart-campus-portal\\vendor\\laravel\\framework\\src\\Illuminate\\Foundation\\Bootstrap\\HandleExceptions.php(258): Illuminate\\Foundation\\Bootstrap\\HandleExceptions->handleException(Object(Illuminate\\Contracts\\Container\\BindingResolutionException))
#17 [internal function]: Illuminate\\Foundation\\Bootstrap\\HandleExceptions->Illuminate\\Foundation\\Bootstrap\\{closure}(Object(Illuminate\\Contracts\\Container\\BindingResolutionException))
#18 {main}
  thrown at D:/الترم الخامس/ITPM/Project/smart-campus-portal/vendor/laravel/framework/src/Illuminate/Container/Container.php:961)
[stacktrace]
#0 {main}
"} 
[2026-09-20 08:05:59] production.ERROR: Database file at path [D:\الترم الخامس\ITPM\Project\smart-campus-portal\database\database.sqlite] does not exist. Ensure this is an absolute path to the database. (Connection: sqlite, SQL: delete from "cache") {"exception":"[object] (Illuminate\\Database\\QueryException(code: 0): Database file at path [D:\\الترم الخامس\\ITPM\\Project\\smart-campus-portal\\database\\database.sqlite] does not exist. Ensure this is an absolute path to the database. (Connection: sqlite, SQL: delete from \"cache\") at D:/الترم الخامس/ITPM/Project/smart-campus-portal/vendor/laravel/framework/src/Illuminate/Database/Connection.php:825)
[stacktrace]
#0 D:/الترم الخامس/ITPM/Project/smart-campus-portal/vendor/laravel/framework/src/Illuminate/Database/Connection.php(779): Illuminate/Database/Connection->runQueryCallback('delete from \"ca...', Array, Object(Closure))
#1 D:/الترم الخامس/ITPM/Project/smart-campus-portal/vendor/laravel/framework/src/Illuminate/Database/Connection.php(584): Illuminate/Database/Connection->run('delete from \"ca...', Array, Object(Closure))
#2 D:/الترم الخامس/ITPM/Project/smart-campus-portal/vendor/laravel/framework/src/Illuminate/Database/Connection.php(548): Illuminate/Database/Connection->affectingStatement('delete from \"ca...', Array)
#3 D:/الترم الخامس/ITPM/Project/smart-campus-portal/vendor/laravel/framework/src/Illuminate/Database/Query/Builder.php(4024): Illuminate/Database/Connection->delete('delete from \"ca...', Array)
#4 D:/الترم الخامس/ITPM/Project/smart-campus-portal/vendor/laravel/framework/src/Illuminate/Cache/DatabaseStore.php(422): Illuminate/Database/Query/Builder->delete()
#5 D:/الترم الخامس/ITPM/Project/smart-campus-portal/vendor/laravel/framework/src/Illuminate/Cache/Repository.php(792): Illuminate/Cache/DatabaseStore->flush()
#6 D:/الترم الخامس/ITPM/Project/smart-campus-portal/vendor/laravel/framework/src/Illuminate/Cache/Console/ClearCommand.php(69): Illuminate/Cache/Repository->__call('flush', Array)
#7 D:/الترم الخامس/ITPM/Project/smart-campus-portal/vendor/laravel/framework/src/Illuminate/Container/BoundMethod.php(36): Illuminate/Cache/Console/ClearCommand->handle()
#8 D:/الترم الخامس/ITPM/Project/smart-campus-portal/vendor/laravel/framework/src/Illuminate/Container/Util.php(43): Illuminate/Container/BoundMethod::Illuminate/Container/{closure}()
#9 D:/الترم الخامس/ITPM/Project/smart-campus-portal/vendor/laravel/framework/src/Illuminate/Container/BoundMethod.php(95): Illuminate/Container/Util::unwrapIfClosure(Object(Closure))
#10 D:/الترم الخامس/ITPM/Project/smart-campus-portal/vendor/laravel/framework/src/Illuminate/Container/BoundMethod.php(35): Illuminate/Container/BoundMethod::callBoundMethod(Object(Illuminate/Foundation/Application), Array, Object(Closure))
#11 D:/الترم الخامس/ITPM/Project/smart-campus-portal/vendor/laravel/framework/src/Illuminate/Container/Container.php(696): Illuminate/Container/BoundMethod::call(Object(Illuminate/Foundation/Application), Array, Array, NULL)
#12 D:/الترم الخامس/ITPM/Project/smart-campus-portal/vendor/laravel/framework/src/Illuminate/Console/Command.php(213): Illuminate/Container/Container->call(Array)
#13 D:/الترم الخامس/ITPM/Project/smart-campus-portal/vendor/symfony/console/Command/Command.php(341): Illuminate/Console/Command->execute(Object(Symfony/Component/Console/Input/ArrayInput), Object(Illuminate/Console/OutputStyle))
#14 D:/الترم الخامس/ITPM/Project/smart-campus-portal/vendor/laravel/framework/src/Illuminate/Console/Command.php(182): Symfony/Component/Console/Command/Command->run(Object(Symfony/Component/Console/Input/ArrayInput), Object(Illuminate/Console/OutputStyle))
#15 D:/الترم الخامس/ITPM/Project/smart-campus-portal/vendor/laravel/framework/src/Illuminate/Console/Concerns/CallsCommands.php(68): Illuminate/Console/Command->run(Object(Symfony/Component/Console/Input/ArrayInput), Object(Symfony/Component/Console/Output/NullOutput))
#16 D:/الترم الخامس/ITPM/Project/smart-campus-portal/vendor/laravel/framework/src/Illuminate/Console/Concerns/CallsCommands.php(41): Illuminate/Console/Command->runCommand('cache:clear', Array, Object(Symfony/Component/Console/Output/NullOutput))
#17 D:/الترم الخامس/ITPM/Project/smart-campus-portal/vendor/laravel/framework/src/Illuminate/Console/Concerns/CallsCommands.php(53): Illuminate/Console/Command->callSilent('cache:clear', Array)
#18 D:/الترم الخامس/ITPM/Project/smart-campus-portal/vendor/laravel/framework/src/Illuminate/Foundation/Console/OptimizeClearCommand.php(48): Illuminate/Console/Command->callSilently('cache:clear')
#19 D:/الترم الخامس/ITPM/Project/smart-campus-portal/vendor/laravel/framework/src/Illuminate/Console/View/Components/Task.php(40): Illuminate/Foundation/Console/OptimizeClearCommand->Illuminate/Foundation/Console/{closure}()
#20 D:/الترم الخامس/ITPM/Project/smart-campus-portal/vendor/laravel/framework/src/Illuminate/Console/View/Components/Factory.php(60): Illuminate/Console/View/Components/Task->render('cache', Object(Closure))
#21 D:/الترم الخامس/ITPM/Project/smart-campus-portal/vendor/laravel/framework/src/Illuminate/Foundation/Console/OptimizeClearCommand.php(48): Illuminate/Console/View/Components/Factory->__call('task', Array)
#22 D:/الترم الخامس/ITPM/Project/smart-campus-portal/vendor/laravel/framework/src/Illuminate/Container/BoundMethod.php(36): Illuminate/Foundation/Console/OptimizeClearCommand->handle()
#23 D:/الترم الخامس/ITPM/Project/smart-campus-portal/vendor/laravel/framework/src/Illuminate/Container/Util.php(43): Illuminate/Container/BoundMethod::Illuminate/Container/{closure}()
#24 D:/الترم الخامس/ITPM/Project/smart-campus-portal/vendor/laravel/framework/src/Illuminate/Container/BoundMethod.php(95): Illuminate/Container/Util::unwrapIfClosure(Object(Closure))
#25 D:/الترم الخامس/ITPM/Project/smart-campus-portal/vendor/laravel/framework/src/Illuminate/Container/BoundMethod.php(35): Illuminate/Container/BoundMethod::callBoundMethod(Object(Illuminate/Foundation/Application), Array, Object(Closure))
#26 D:/الترم الخامس/ITPM/Project/smart-campus-portal/vendor/laravel/framework/src/Illuminate/Container/Container.php(696): Illuminate/Container/BoundMethod::call(Object(Illuminate/Foundation/Application), Array, Array, NULL)
#27 D:/الترم الخامس/ITPM/Project/smart-campus-portal/vendor/laravel/framework/src/Illuminate/Console/Command.php(213): Illuminate/Container/Container->call(Array)
#28 D:/الترم الخامس/ITPM/Project/smart-campus-portal/vendor/symfony/console/Command/Command.php(341): Illuminate/Console/Command->execute(Object(Symfony/Component/Console/Input/ArgvInput), Object(Illuminate/Console/OutputStyle))
#29 D:/الترم الخامس/ITPM/Project/smart-campus-portal/vendor/laravel/framework/src/Illuminate/Console/Command.php(182): Symfony/Component/Console/Command/Command->run(Object(Symfony/Component/Console/Input/ArgvInput), Object(Illuminate/Console/OutputStyle))
#30 D:/الترم الخامس/ITPM/Project/smart-campus-portal/vendor/symfony/console/Application.php(1117): Illuminate/Console/Command->run(Object(Symfony/Component/Console/Input/ArgvInput), Object(Symfony/Component/Console/Output/ConsoleOutput))
#31 D:/الترم الخامس/ITPM/Project/smart-campus-portal/vendor/symfony/console/Application.php(356): Symfony/Component/Console/Application->doRunCommand(Object(Illuminate/Foundation/Console/OptimizeClearCommand), Object(Symfony/Component/Console/Input/ArgvInput), Object(Symfony/Component/Console/Output/ConsoleOutput))
#32 D:/الترم الخامس/ITPM/Project/smart-campus-portal/vendor/symfony/console/Application.php(195): Symfony/Component/Console/Application->doRun(Object(Symfony/Component/Console/Input/ArgvInput), Object(Symfony/Component/Console/Output/ConsoleOutput))
#33 D:/الترم الخامس/ITPM/Project/smart-campus-portal/vendor/laravel/framework/src/Illuminate/Foundation/Console/Kernel.php(198): Symfony/Component/Console/Application->run(Object(Symfony/Component/Console/Input/ArgvInput), Object(Symfony/Component/Console/Output/ConsoleOutput))
#34 D:/الترم الخامس/ITPM/Project/smart-campus-portal/vendor/laravel/framework/src/Illuminate/Foundation/Application.php(1235): Illuminate/Foundation/Console/Kernel->handle(Object(Symfony/Component/Console/Input/ArgvInput), Object(Symfony/Component/Console/Output/ConsoleOutput))
#35 D:/الترم الخامس/ITPM/Project/smart-campus-portal/artisan(10): Illuminate/Foundation/Application->handleCommand(Object(Symfony/Component/Console/Input/ArgvInput))
#36 {main}

[previous exception] [object] (Illuminate\\Database\\SQLiteDatabaseDoesNotExistException(code: 0): Database file at path [D:\\الترم الخامس\\ITPM\\Project\\smart-campus-portal\\database\\database.sqlite] does not exist. Ensure this is an absolute path to the database. at D:/الترم الخامس/ITPM/Project/smart-campus-portal/vendor/laravel/framework/src/Illuminate/Database/Connectors/SQLiteConnector.php:37)
[stacktrace]
#0 D:/الترم الخامس/ITPM/Project/smart-campus-portal/vendor/laravel/framework/src/Illuminate/Database/Connectors/ConnectionFactory.php(224): Illuminate/Database/Connectors/SQLiteConnector->connect(Array)
#1 [internal function]: Illuminate/Database/Connectors/ConnectionFactory->Illuminate/Database/Connectors/{closure}()
#2 D:/الترم الخامس/ITPM/Project/smart-campus-portal/vendor/laravel/framework/src/Illuminate/Database/Connection.php(1231): call_user_func(Object(Closure))
#3 D:/الترم الخامس/ITPM/Project/smart-campus-portal/vendor/laravel/framework/src/Illuminate/Database/Connection.php(592): Illuminate/Database/Connection->getPdo()
#4 D:/الترم الخامس/ITPM/Project/smart-campus-portal/vendor/laravel/framework/src/Illuminate/Database/Connection.php(812): Illuminate/Database/Connection->Illuminate/Database/{closure}('delete from \"ca...', Array)
#5 D:/الترم الخامس/ITPM/Project/smart-campus-portal/vendor/laravel/framework/src/Illuminate/Database/Connection.php(779): Illuminate/Database/Connection->runQueryCallback('delete from \"ca...', Array, Object(Closure))
#6 D:/الترم الخامس/ITPM/Project/smart-campus-portal/vendor/laravel/framework/src/Illuminate/Database/Connection.php(584): Illuminate/Database/Connection->run('delete from \"ca...', Array, Object(Closure))
#7 D:/الترم الخامس/ITPM/Project/smart-campus-portal/vendor/laravel/framework/src/Illuminate/Database/Connection.php(548): Illuminate/Database/Connection->affectingStatement('delete from \"ca...', Array)
#8 D:/الترم الخامس/ITPM/Project/smart-campus-portal/vendor/laravel/framework/src/Illuminate/Database/Query/Builder.php(4024): Illuminate/Database/Connection->delete('delete from \"ca...', Array)
#9 D:/الترم الخامس/ITPM/Project/smart-campus-portal/vendor/laravel/framework/src/Illuminate/Cache/DatabaseStore.php(422): Illuminate/Database/Query/Builder->delete()
#10 D:/الترم الخامس/ITPM/Project/smart-campus-portal/vendor/laravel/framework/src/Illuminate/Cache/Repository.php(792): Illuminate/Cache/DatabaseStore->flush()
#11 D:/الترم الخامس/ITPM/Project/smart-campus-portal/vendor/laravel/framework/src/Illuminate/Cache/Console/ClearCommand.php(69): Illuminate/Cache/Repository->__call('flush', Array)
#12 D:/الترم الخامس/ITPM/Project/smart-campus-portal/vendor/laravel/framework/src/Illuminate/Container/BoundMethod.php(36): Illuminate/Cache/Console/ClearCommand->handle()
#13 D:/الترم الخامس/ITPM/Project/smart-campus-portal/vendor/laravel/framework/src/Illuminate/Container/Util.php(43): Illuminate/Container/BoundMethod::Illuminate/Container/{closure}()
#14 D:/الترم الخامس/ITPM/Project/smart-campus-portal/vendor/laravel/framework/src/Illuminate/Container/BoundMethod.php(95): Illuminate/Container/Util::unwrapIfClosure(Object(Closure))
#15 D:/الترم الخامس/ITPM/Project/smart-campus-portal/vendor/laravel/framework/src/Illuminate/Container/BoundMethod.php(35): Illuminate/Container/BoundMethod::callBoundMethod(Object(Illuminate/Foundation/Application), Array, Object(Closure))
#16 D:/الترم الخامس/ITPM/Project/smart-campus-portal/vendor/laravel/framework/src/Illuminate/Container/Container.php(696): Illuminate/Container/BoundMethod::call(Object(Illuminate/Foundation/Application), Array, Array, NULL)
#17 D:/الترم الخامس/ITPM/Project/smart-campus-portal/vendor/laravel/framework/src/Illuminate/Console/Command.php(213): Illuminate/Container/Container->call(Array)
#18 D:/الترم الخامس/ITPM/Project/smart-campus-portal/vendor/symfony/console/Command/Command.php(341): Illuminate/Console/Command->execute(Object(Symfony/Component/Console/Input/ArrayInput), Object(Illuminate/Console/OutputStyle))
#19 D:/الترم الخامس/ITPM/Project/smart-campus-portal/vendor/laravel/framework/src/Illuminate/Console/Command.php(182): Symfony/Component/Console/Command/Command->run(Object(Symfony/Component/Console/Input/ArrayInput), Object(Illuminate/Console/OutputStyle))
#20 D:/الترم الخامس/ITPM/Project/smart-campus-portal/vendor/laravel/framework/src/Illuminate/Console/Concerns/CallsCommands.php(68): Illuminate/Console/Command->run(Object(Symfony/Component/Console/Input/ArrayInput), Object(Symfony/Component/Console/Output/NullOutput))
#21 D:/الترم الخامس/ITPM/Project/smart-campus-portal/vendor/laravel/framework/src/Illuminate/Console/Concerns/CallsCommands.php(41): Illuminate/Console/Command->runCommand('cache:clear', Array, Object(Symfony/Component/Console/Output/NullOutput))
#22 D:/الترم الخامس/ITPM/Project/smart-campus-portal/vendor/laravel/framework/src/Illuminate/Console/Concerns/CallsCommands.php(53): Illuminate/Console/Command->callSilent('cache:clear', Array)
#23 D:/الترم الخامس/ITPM/Project/smart-campus-portal/vendor/laravel/framework/src/Illuminate/Foundation/Console/OptimizeClearCommand.php(48): Illuminate/Console/Command->callSilently('cache:clear')
#24 D:/الترم الخامس/ITPM/Project/smart-campus-portal/vendor/laravel/framework/src/Illuminate/Console/View/Components/Task.php(40): Illuminate/Foundation/Console/OptimizeClearCommand->Illuminate/Foundation/Console/{closure}()
#25 D:/الترم الخامس/ITPM/Project/smart-campus-portal/vendor/laravel/framework/src/Illuminate/Console/View/Components/Factory.php(60): Illuminate/Console/View/Components/Task->render('cache', Object(Closure))
#26 D:/الترم الخامس/ITPM/Project/smart-campus-portal/vendor/laravel/framework/src/Illuminate/Foundation/Console/OptimizeClearCommand.php(48): Illuminate/Console/View/Components/Factory->__call('task', Array)
#27 D:/الترم الخامس/ITPM/Project/smart-campus-portal/vendor/laravel/framework/src/Illuminate/Container/BoundMethod.php(36): Illuminate/Foundation/Console/OptimizeClearCommand->handle()
#28 D:/الترم الخامس/ITPM/Project/smart-campus-portal/vendor/laravel/framework/src/Illuminate/Container/Util.php(43): Illuminate/Container/BoundMethod::Illuminate/Container/{closure}()
#29 D:/الترم الخامس/ITPM/Project/smart-campus-portal/vendor/laravel/framework/src/Illuminate/Container/BoundMethod.php(95): Illuminate/Container/Util::unwrapIfClosure(Object(Closure))
#30 D:/الترم الخامس/ITPM/Project/smart-campus-portal/vendor/laravel/framework/src/Illuminate/Container/BoundMethod.php(35): Illuminate/Container/BoundMethod::callBoundMethod(Object(Illuminate/Foundation/Application), Array, Object(Closure))
#31 D:/الترم الخامس/ITPM/Project/smart-campus-portal/vendor/laravel/framework/src/Illuminate/Container/Container.php(696): Illuminate/Container/BoundMethod::call(Object(Illuminate/Foundation/Application), Array, Array, NULL)
#32 D:/الترم الخامس/ITPM/Project/smart-campus-portal/vendor/laravel/framework/src/Illuminate/Console/Command.php(213): Illuminate/Container/Container->call(Array)
#33 D:/الترم الخامس/ITPM/Project/smart-campus-portal/vendor/symfony/console/Command/Command.php(341): Illuminate/Console/Command->execute(Object(Symfony/Component/Console/Input/ArgvInput), Object(Illuminate/Console/OutputStyle))
#34 D:/الترم الخامس/ITPM/Project/smart-campus-portal/vendor/laravel/framework/src/Illuminate/Console/Command.php(182): Symfony/Component/Console/Command/Command->run(Object(Symfony/Component/Console/Input/ArgvInput), Object(Illuminate/Console/OutputStyle))
#35 D:/الترم الخامس/ITPM/Project/smart-campus-portal/vendor/symfony/console/Application.php(1117): Illuminate/Console/Command->run(Object(Symfony/Component/Console/Input/ArgvInput), Object(Symfony/Component/Console/Output/ConsoleOutput))
#36 D:/الترم الخامس/ITPM/Project/smart-campus-portal/vendor/symfony/console/Application.php(356): Symfony/Component/Console/Application->doRunCommand(Object(Illuminate/Foundation/Console/OptimizeClearCommand), Object(Symfony/Component/Console/Input/ArgvInput), Object(Symfony/Component/Console/Output/ConsoleOutput))
#37 D:/الترم الخامس/ITPM/Project/smart-campus-portal/vendor/symfony/console/Application.php(195): Symfony/Component/Console/Application->doRun(Object(Symfony/Component/Console/Input/ArgvInput), Object(Symfony/Component/Console/Output/ConsoleOutput))
#38 D:/الترم الخامس/ITPM/Project/smart-campus-portal/vendor/laravel/framework/src/Illuminate/Foundation/Console/Kernel.php(198): Symfony/Component/Console/Application->run(Object(Symfony/Component/Console/Input/ArgvInput), Object(Symfony/Component/Console/Output/ConsoleOutput))
#39 D:/الترم الخامس/ITPM/Project/smart-campus-portal/vendor/laravel/framework/src/Illuminate/Foundation/Application.php(1235): Illuminate/Foundation/Console/Kernel->handle(Object(Symfony/Component/Console/Input/ArgvInput), Object(Symfony/Component/Console/Output/ConsoleOutput))
#40 D:/الترم الخامس/ITPM/Project/smart-campus-portal/artisan(10): Illuminate/Foundation/Application->handleCommand(Object(Symfony/Component/Console/Input/ArgvInput))
#41 {main}
"} 
[2026-09-20 08:06:09] production.ERROR: No application encryption key has been specified. {"exception":"[object] (Illuminate\\Encryption\\MissingAppKeyException(code: 0): No application encryption key has been specified. at D:/الترم الخامس/ITPM/Project/smart-campus-portal/vendor/laravel/framework/src/Illuminate/Encryption/EncryptionServiceProvider.php:83)
[stacktrace]
#0 D:/الترم الخامس/ITPM/Project/smart-campus-portal/vendor/laravel/framework/src/Illuminate/Support/helpers.php(399): Illuminate/Encryption/EncryptionServiceProvider->Illuminate/Encryption/{closure}(NULL)
#1 D:/الترم الخامس/ITPM/Project/smart-campus-portal/vendor/laravel/framework/src/Illuminate/Encryption/EncryptionServiceProvider.php(81): tap(NULL, Object(Closure))
#2 D:/الترم الخامس/ITPM/Project/smart-campus-portal/vendor/laravel/framework/src/Illuminate/Encryption/EncryptionServiceProvider.php(64): Illuminate/Encryption/EncryptionServiceProvider->key(Array)
#3 D:/الترم الخامس/ITPM/Project/smart-campus-portal/vendor/laravel/framework/src/Illuminate/Encryption/EncryptionServiceProvider.php(32): Illuminate/Encryption/EncryptionServiceProvider->parseKey(Array)
#4 D:/الترم الخامس/ITPM/Project/smart-campus-portal/vendor/laravel/framework/src/Illuminate/Container/Container.php(952): Illuminate/Encryption/EncryptionServiceProvider->Illuminate/Encryption/{closure}(Object(Illuminate/Foundation/Application), Array)
#5 D:/الترم الخامس/ITPM/Project/smart-campus-portal/vendor/laravel/framework/src/Illuminate/Container/Container.php(832): Illuminate/Container/Container->build(Object(Closure))
#6 D:/الترم الخامس/ITPM/Project/smart-campus-portal/vendor/laravel/framework/src/Illuminate/Foundation/Application.php(1078): Illuminate/Container/Container->resolve('encrypter', Array, true)
#7 D:/الترم الخامس/ITPM/Project/smart-campus-portal/vendor/laravel/framework/src/Illuminate/Container/Container.php(763): Illuminate/Foundation/Application->resolve('encrypter', Array)
#8 D:/الترم الخامس/ITPM/Project/smart-campus-portal/vendor/laravel/framework/src/Illuminate/Foundation/Application.php(1058): Illuminate/Container/Container->make('encrypter', Array)
#9 D:/الترم الخامس/ITPM/Project/smart-campus-portal/vendor/laravel/framework/src/Illuminate/Container/Container.php(1133): Illuminate/Foundation/Application->make('encrypter')
#10 D:/الترم الخامس/ITPM/Project/smart-campus-portal/vendor/laravel/framework/src/Illuminate/Container/Container.php(1043): Illuminate/Container/Container->resolveClass(Object(ReflectionParameter))
#11 D:/الترم الخامس/ITPM/Project/smart-campus-portal/vendor/laravel/framework/src/Illuminate/Container/Container.php(994): Illuminate/Container/Container->resolveDependencies(Array)
#12 D:/الترم الخامس/ITPM/Project/smart-campus-portal/vendor/laravel/framework/src/Illuminate/Container/Container.php(832): Illuminate/Container/Container->build('Illuminate//Cook...')
#13 D:/الترم الخامس/ITPM/Project/smart-campus-portal/vendor/laravel/framework/src/Illuminate/Foundation/Application.php(1078): Illuminate/Container/Container->resolve('Illuminate//Cook...', Array, true)
#14 D:/الترم الخامس/ITPM/Project/smart-campus-portal/vendor/laravel/framework/src/Illuminate/Container/Container.php(763): Illuminate/Foundation/Application->resolve('Illuminate//Cook...', Array)
#15 D:/الترم الخامس/ITPM/Project/smart-campus-portal/vendor/laravel/framework/src/Illuminate/Foundation/Application.php(1058): Illuminate/Container/Container->make('Illuminate//Cook...', Array)
#16 D:/الترم الخامس/ITPM/Project/smart-campus-portal/vendor/laravel/framework/src/Illuminate/Pipeline/Pipeline.php(198): Illuminate/Foundation/Application->make('Illuminate//Cook...')
#17 D:/الترم الخامس/ITPM/Project/smart-campus-portal/vendor/laravel/framework/src/Illuminate/Pipeline/Pipeline.php(127): Illuminate/Pipeline/Pipeline->Illuminate/Pipeline/{closure}(Object(Illuminate/Http/Request))
#18 D:/الترم الخامس/ITPM/Project/smart-campus-portal/vendor/laravel/framework/src/Illuminate/Routing/Router.php(807): Illuminate/Pipeline/Pipeline->then(Object(Closure))
#19 D:/الترم الخامس/ITPM/Project/smart-campus-portal/vendor/laravel/framework/src/Illuminate/Routing/Router.php(786): Illuminate/Routing/Router->runRouteWithinStack(Object(Illuminate/Routing/Route), Object(Illuminate/Http/Request))
#20 D:/الترم الخامس/ITPM/Project/smart-campus-portal/vendor/laravel/framework/src/Illuminate/Routing/Router.php(750): Illuminate/Routing/Router->runRoute(Object(Illuminate/Http/Request), Object(Illuminate/Routing/Route))
#21 D:/الترم الخامس/ITPM/Project/smart-campus-portal/vendor/laravel/framework/src/Illuminate/Routing/Router.php(739): Illuminate/Routing/Router->dispatchToRoute(Object(Illuminate/Http/Request))
#22 D:/الترم الخامس/ITPM/Project/smart-campus-portal/vendor/laravel/framework/src/Illuminate/Foundation/Http/Kernel.php(201): Illuminate/Routing/Router->dispatch(Object(Illuminate/Http/Request))
#23 D:/الترم الخامس/ITPM/Project/smart-campus-portal/vendor/laravel/framework/src/Illuminate/Pipeline/Pipeline.php(170): Illuminate/Foundation/Http/Kernel->Illuminate/Foundation/Http/{closure}(Object(Illuminate/Http/Request))
#24 D:/الترم الخامس/ITPM/Project/smart-campus-portal/vendor/laravel/framework/src/Illuminate/Foundation/Http/Middleware/TransformsRequest.php(21): Illuminate/Pipeline/Pipeline->Illuminate/Pipeline/{closure}(Object(Illuminate/Http/Request))
#25 D:/الترم الخامس/ITPM/Project/smart-campus-portal/vendor/laravel/framework/src/Illuminate/Foundation/Http/Middleware/ConvertEmptyStringsToNull.php(31): Illuminate/Foundation/Http/Middleware/TransformsRequest->handle(Object(Illuminate/Http/Request), Object(Closure))
#26 D:/الترم الخامس/ITPM/Project/smart-campus-portal/vendor/laravel/framework/src/Illuminate/Pipeline/Pipeline.php(209): Illuminate/Foundation/Http/Middleware/ConvertEmptyStringsToNull->handle(Object(Illuminate/Http/Request), Object(Closure))
#27 D:/الترم الخامس/ITPM/Project/smart-campus-portal/vendor/laravel/framework/src/Illuminate/Foundation/Http/Middleware/TransformsRequest.php(21): Illuminate/Pipeline/Pipeline->Illuminate/Pipeline/{closure}(Object(Illuminate/Http/Request))
#28 D:/الترم الخامس/ITPM/Project/smart-campus-portal/vendor/laravel/framework/src/Illuminate/Foundation/Http/Middleware/TrimStrings.php(51): Illuminate/Foundation/Http/Middleware/TransformsRequest->handle(Object(Illuminate/Http/Request), Object(Closure))
#29 D:/الترم الخامس/ITPM/Project/smart-campus-portal/vendor/laravel/framework/src/Illuminate/Pipeline/Pipeline.php(209): Illuminate/Foundation/Http/Middleware/TrimStrings->handle(Object(Illuminate/Http/Request), Object(Closure))
#30 D:/الترم الخامس/ITPM/Project/smart-campus-portal/vendor/laravel/framework/src/Illuminate/Http/Middleware/ValidatePostSize.php(27): Illuminate/Pipeline/Pipeline->Illuminate/Pipeline/{closure}(Object(Illuminate/Http/Request))
#31 D:/الترم الخامس/ITPM/Project/smart-campus-portal/vendor/laravel/framework/src/Illuminate/Pipeline/Pipeline.php(209): Illuminate/Http/Middleware/ValidatePostSize->handle(Object(Illuminate/Http/Request), Object(Closure))
#32 D:/الترم الخامس/ITPM/Project/smart-campus-portal/vendor/laravel/framework/src/Illuminate/Foundation/Http/Middleware/PreventRequestsDuringMaintenance.php(110): Illuminate/Pipeline/Pipeline->Illuminate/Pipeline/{closure}(Object(Illuminate/Http/Request))
#33 D:/الترم الخامس/ITPM/Project/smart-campus-portal/vendor/laravel/framework/src/Illuminate/Pipeline/Pipeline.php(209): Illuminate/Foundation/Http/Middleware/PreventRequestsDuringMaintenance->handle(Object(Illuminate/Http/Request), Object(Closure))
#34 D:/الترم الخامس/ITPM/Project/smart-campus-portal/vendor/laravel/framework/src/Illuminate/Http/Middleware/HandleCors.php(49): Illuminate/Pipeline/Pipeline->Illuminate/Pipeline/{closure}(Object(Illuminate/Http/Request))
#35 D:/الترم الخامس/ITPM/Project/smart-campus-portal/vendor/laravel/framework/src/Illuminate/Pipeline/Pipeline.php(209): Illuminate/Http/Middleware/HandleCors->handle(Object(Illuminate/Http/Request), Object(Closure))
#36 D:/الترم الخامس/ITPM/Project/smart-campus-portal/vendor/laravel/framework/src/Illuminate/Http/Middleware/TrustProxies.php(58): Illuminate/Pipeline/Pipeline->Illuminate/Pipeline/{closure}(Object(Illuminate/Http/Request))
#37 D:/الترم الخامس/ITPM/Project/smart-campus-portal/vendor/laravel/framework/src/Illuminate/Pipeline/Pipeline.php(209): Illuminate/Http/Middleware/TrustProxies->handle(Object(Illuminate/Http/Request), Object(Closure))
#38 D:/الترم الخامس/ITPM/Project/smart-campus-portal/vendor/laravel/framework/src/Illuminate/Foundation/Http/Middleware/InvokeDeferredCallbacks.php(22): Illuminate/Pipeline/Pipeline->Illuminate/Pipeline/{closure}(Object(Illuminate/Http/Request))
#39 D:/الترم الخامس/ITPM/Project/smart-campus-portal/vendor/laravel/framework/src/Illuminate/Pipeline/Pipeline.php(209): Illuminate/Foundation/Http/Middleware/InvokeDeferredCallbacks->handle(Object(Illuminate/Http/Request), Object(Closure))
#40 D:/الترم الخامس/ITPM/Project/smart-campus-portal/vendor/laravel/framework/src/Illuminate/Pipeline/Pipeline.php(127): Illuminate/Pipeline/Pipeline->Illuminate/Pipeline/{closure}(Object(Illuminate/Http/Request))
#41 D:/الترم الخامس/ITPM/Project/smart-campus-portal/vendor/laravel/framework/src/Illuminate/Foundation/Http/Kernel.php(176): Illuminate/Pipeline/Pipeline->then(Object(Closure))
#42 D:/الترم الخامس/ITPM/Project/smart-campus-portal/vendor/laravel/framework/src/Illuminate/Foundation/Http/Kernel.php(145): Illuminate/Foundation/Http/Kernel->sendRequestThroughRouter(Object(Illuminate/Http/Request))
#43 D:/الترم الخامس/ITPM/Project/smart-campus-portal/vendor/laravel/framework/src/Illuminate/Foundation/Application.php(1220): Illuminate/Foundation/Http/Kernel->handle(Object(Illuminate/Http/Request))
#44 D:/الترم الخامس/ITPM/Project/smart-campus-portal/public/index.php(20): Illuminate/Foundation/Application->handleRequest(Object(Illuminate/Http/Request))
#45 D:/الترم الخامس/ITPM/Project/smart-campus-portal/vendor/laravel/framework/src/Illuminate/Foundation/resources/server.php(23): require_once('D:///xD8/xA7/xD9/x84/xD8/xAA/xD8/xB1/xD9/x85 /xD8...')
#46 {main}
"} 
[2026-09-20 08:06:09] production.ERROR: Please provide a valid cache path. {"exception":"[object] (InvalidArgumentException(code: 0): Please provide a valid cache path. at D:/الترم الخامس/ITPM/Project/smart-campus-portal/vendor/laravel/framework/src/Illuminate/View/Compilers/Compiler.php:67)
[stacktrace]
#0 D:/الترم الخامس/ITPM/Project/smart-campus-portal/vendor/laravel/framework/src/Illuminate/View/ViewServiceProvider.php(97): Illuminate/View/Compilers/Compiler->__construct(Object(Illuminate/Filesystem/Filesystem), false, '', true, 'php')
#1 D:/الترم الخامس/ITPM/Project/smart-campus-portal/vendor/laravel/framework/src/Illuminate/Container/Container.php(952): Illuminate/View/ViewServiceProvider->Illuminate/View/{closure}(Object(Illuminate/Foundation/Application), Array)
#2 D:/الترم الخامس/ITPM/Project/smart-campus-portal/vendor/laravel/framework/src/Illuminate/Container/Container.php(832): Illuminate/Container/Container->build(Object(Closure))
#3 D:/الترم الخامس/ITPM/Project/smart-campus-portal/vendor/laravel/framework/src/Illuminate/Foundation/Application.php(1078): Illuminate/Container/Container->resolve('blade.compiler', Array, true)
#4 D:/الترم الخامس/ITPM/Project/smart-campus-portal/vendor/laravel/framework/src/Illuminate/Container/Container.php(763): Illuminate/Foundation/Application->resolve('blade.compiler', Array)
#5 D:/الترم الخامس/ITPM/Project/smart-campus-portal/vendor/laravel/framework/src/Illuminate/Foundation/Application.php(1058): Illuminate/Container/Container->make('blade.compiler', Array)
#6 D:/الترم الخامس/ITPM/Project/smart-campus-portal/vendor/laravel/framework/src/Illuminate/View/ViewServiceProvider.php(168): Illuminate/Foundation/Application->make('blade.compiler')
#7 [internal function]: Illuminate/View/ViewServiceProvider->Illuminate/View/{closure}()
#8 D:/الترم الخامس/ITPM/Project/smart-campus-portal/vendor/laravel/framework/src/Illuminate/View/Engines/EngineResolver.php(55): call_user_func(Object(Closure))
#9 D:/الترم الخامس/ITPM/Project/smart-campus-portal/vendor/laravel/framework/src/Illuminate/View/Factory.php(326): Illuminate/View/Engines/EngineResolver->resolve('blade')
#10 D:/الترم الخامس/ITPM/Project/smart-campus-portal/vendor/laravel/framework/src/Illuminate/View/Factory.php(288): Illuminate/View/Factory->getEngineFromPath('D:///xD8/xA7/xD9/x84/xD8/xAA/xD8/xB1/xD9/x85 /xD8...')
#11 D:/الترم الخامس/ITPM/Project/smart-campus-portal/vendor/laravel/framework/src/Illuminate/View/Factory.php(160): Illuminate/View/Factory->viewInstance('errors::500', 'D:///xD8/xA7/xD9/x84/xD8/xAA/xD8/xB1/xD9/x85 /xD8...', Array)
#12 D:/الترم الخامس/ITPM/Project/smart-campus-portal/vendor/laravel/framework/src/Illuminate/Routing/ResponseFactory.php(90): Illuminate/View/Factory->make('errors::500', Array)
#13 D:/الترم الخامس/ITPM/Project/smart-campus-portal/vendor/laravel/framework/src/Illuminate/Foundation/Exceptions/Handler.php(894): Illuminate/Routing/ResponseFactory->view('errors::500', Array, 500, Array)
#14 D:/الترم الخامس/ITPM/Project/smart-campus-portal/vendor/laravel/framework/src/Illuminate/Foundation/Exceptions/Handler.php(815): Illuminate/Foundation/Exceptions/Handler->renderHttpException(Object(Symfony/Component/HttpKernel/Exception/HttpException))
#15 D:/الترم الخامس/ITPM/Project/smart-campus-portal/vendor/laravel/framework/src/Illuminate/Foundation/Exceptions/Handler.php(706): Illuminate/Foundation/Exceptions/Handler->prepareResponse(Object(Illuminate/Http/Request), Object(Symfony/Component/HttpKernel/Exception/HttpException))
#16 D:/الترم الخامس/ITPM/Project/smart-campus-portal/vendor/laravel/framework/src/Illuminate/Foundation/Exceptions/Handler.php(594): Illuminate/Foundation/Exceptions/Handler->renderExceptionResponse(Object(Illuminate/Http/Request), Object(Illuminate/Encryption/MissingAppKeyException))
#17 D:/الترم الخامس/ITPM/Project/smart-campus-portal/vendor/laravel/framework/src/Illuminate/Routing/Pipeline.php(51): Illuminate/Foundation/Exceptions/Handler->render(Object(Illuminate/Http/Request), Object(Illuminate/Encryption/MissingAppKeyException))
#18 D:/الترم الخامس/ITPM/Project/smart-campus-portal/vendor/laravel/framework/src/Illuminate/Pipeline/Pipeline.php(214): Illuminate/Routing/Pipeline->handleException(Object(Illuminate/Http/Request), Object(Illuminate/Encryption/MissingAppKeyException))
#19 D:/الترم الخامس/ITPM/Project/smart-campus-portal/vendor/laravel/framework/src/Illuminate/Pipeline/Pipeline.php(127): Illuminate/Pipeline/Pipeline->Illuminate/Pipeline/{closure}(Object(Illuminate/Http/Request))
#20 D:/الترم الخامس/ITPM/Project/smart-campus-portal/vendor/laravel/framework/src/Illuminate/Routing/Router.php(807): Illuminate/Pipeline/Pipeline->then(Object(Closure))
#21 D:/الترم الخامس/ITPM/Project/smart-campus-portal/vendor/laravel/framework/src/Illuminate/Routing/Router.php(786): Illuminate/Routing/Router->runRouteWithinStack(Object(Illuminate/Routing/Route), Object(Illuminate/Http/Request))
#22 D:/الترم الخامس/ITPM/Project/smart-campus-portal/vendor/laravel/framework/src/Illuminate/Routing/Router.php(750): Illuminate/Routing/Router->runRoute(Object(Illuminate/Http/Request), Object(Illuminate/Routing/Route))
#23 D:/الترم الخامس/ITPM/Project/smart-campus-portal/vendor/laravel/framework/src/Illuminate/Routing/Router.php(739): Illuminate/Routing/Router->dispatchToRoute(Object(Illuminate/Http/Request))
#24 D:/الترم الخامس/ITPM/Project/smart-campus-portal/vendor/laravel/framework/src/Illuminate/Foundation/Http/Kernel.php(201): Illuminate/Routing/Router->dispatch(Object(Illuminate/Http/Request))
#25 D:/الترم الخامس/ITPM/Project/smart-campus-portal/vendor/laravel/framework/src/Illuminate/Pipeline/Pipeline.php(170): Illuminate/Foundation/Http/Kernel->Illuminate/Foundation/Http/{closure}(Object(Illuminate/Http/Request))
#26 D:/الترم الخامس/ITPM/Project/smart-campus-portal/vendor/laravel/framework/src/Illuminate/Foundation/Http/Middleware/TransformsRequest.php(21): Illuminate/Pipeline/Pipeline->Illuminate/Pipeline/{closure}(Object(Illuminate/Http/Request))
#27 D:/الترم الخامس/ITPM/Project/smart-campus-portal/vendor/laravel/framework/src/Illuminate/Foundation/Http/Middleware/ConvertEmptyStringsToNull.php(31): Illuminate/Foundation/Http/Middleware/TransformsRequest->handle(Object(Illuminate/Http/Request), Object(Closure))
#28 D:/الترم الخامس/ITPM/Project/smart-campus-portal/vendor/laravel/framework/src/Illuminate/Pipeline/Pipeline.php(209): Illuminate/Foundation/Http/Middleware/ConvertEmptyStringsToNull->handle(Object(Illuminate/Http/Request), Object(Closure))
#29 D:/الترم الخامس/ITPM/Project/smart-campus-portal/vendor/laravel/framework/src/Illuminate/Foundation/Http/Middleware/TransformsRequest.php(21): Illuminate/Pipeline/Pipeline->Illuminate/Pipeline/{closure}(Object(Illuminate/Http/Request))
#30 D:/الترم الخامس/ITPM/Project/smart-campus-portal/vendor/laravel/framework/src/Illuminate/Foundation/Http/Middleware/TrimStrings.php(51): Illuminate/Foundation/Http/Middleware/TransformsRequest->handle(Object(Illuminate/Http/Request), Object(Closure))
#31 D:/الترم الخامس/ITPM/Project/smart-campus-portal/vendor/laravel/framework/src/Illuminate/Pipeline/Pipeline.php(209): Illuminate/Foundation/Http/Middleware/TrimStrings->handle(Object(Illuminate/Http/Request), Object(Closure))
#32 D:/الترم الخامس/ITPM/Project/smart-campus-portal/vendor/laravel/framework/src/Illuminate/Http/Middleware/ValidatePostSize.php(27): Illuminate/Pipeline/Pipeline->Illuminate/Pipeline/{closure}(Object(Illuminate/Http/Request))
#33 D:/الترم الخامس/ITPM/Project/smart-campus-portal/vendor/laravel/framework/src/Illuminate/Pipeline/Pipeline.php(209): Illuminate/Http/Middleware/ValidatePostSize->handle(Object(Illuminate/Http/Request), Object(Closure))
#34 D:/الترم الخامس/ITPM/Project/smart-campus-portal/vendor/laravel/framework/src/Illuminate/Foundation/Http/Middleware/PreventRequestsDuringMaintenance.php(110): Illuminate/Pipeline/Pipeline->Illuminate/Pipeline/{closure}(Object(Illuminate/Http/Request))
#35 D:/الترم الخامس/ITPM/Project/smart-campus-portal/vendor/laravel/framework/src/Illuminate/Pipeline/Pipeline.php(209): Illuminate/Foundation/Http/Middleware/PreventRequestsDuringMaintenance->handle(Object(Illuminate/Http/Request), Object(Closure))
#36 D:/الترم الخامس/ITPM/Project/smart-campus-portal/vendor/laravel/framework/src/Illuminate/Http/Middleware/HandleCors.php(49): Illuminate/Pipeline/Pipeline->Illuminate/Pipeline/{closure}(Object(Illuminate/Http/Request))
#37 D:/الترم الخامس/ITPM/Project/smart-campus-portal/vendor/laravel/framework/src/Illuminate/Pipeline/Pipeline.php(209): Illuminate/Http/Middleware/HandleCors->handle(Object(Illuminate/Http/Request), Object(Closure))
#38 D:/الترم الخامس/ITPM/Project/smart-campus-portal/vendor/laravel/framework/src/Illuminate/Http/Middleware/TrustProxies.php(58): Illuminate/Pipeline/Pipeline->Illuminate/Pipeline/{closure}(Object(Illuminate/Http/Request))
#39 D:/الترم الخامس/ITPM/Project/smart-campus-portal/vendor/laravel/framework/src/Illuminate/Pipeline/Pipeline.php(209): Illuminate/Http/Middleware/TrustProxies->handle(Object(Illuminate/Http/Request), Object(Closure))
#40 D:/الترم الخامس/ITPM/Project/smart-campus-portal/vendor/laravel/framework/src/Illuminate/Foundation/Http/Middleware/InvokeDeferredCallbacks.php(22): Illuminate/Pipeline/Pipeline->Illuminate/Pipeline/{closure}(Object(Illuminate/Http/Request))
#41 D:/الترم الخامس/ITPM/Project/smart-campus-portal/vendor/laravel/framework/src/Illuminate/Pipeline/Pipeline.php(209): Illuminate/Foundation/Http/Middleware/InvokeDeferredCallbacks->handle(Object(Illuminate/Http/Request), Object(Closure))
#42 D:/الترم الخامس/ITPM/Project/smart-campus-portal/vendor/laravel/framework/src/Illuminate/Pipeline/Pipeline.php(127): Illuminate/Pipeline/Pipeline->Illuminate/Pipeline/{closure}(Object(Illuminate/Http/Request))
#43 D:/الترم الخامس/ITPM/Project/smart-campus-portal/vendor/laravel/framework/src/Illuminate/Foundation/Http/Kernel.php(176): Illuminate/Pipeline/Pipeline->then(Object(Closure))
#44 D:/الترم الخامس/ITPM/Project/smart-campus-portal/vendor/laravel/framework/src/Illuminate/Foundation/Http/Kernel.php(145): Illuminate/Foundation/Http/Kernel->sendRequestThroughRouter(Object(Illuminate/Http/Request))
#45 D:/الترم الخامس/ITPM/Project/smart-campus-portal/vendor/laravel/framework/src/Illuminate/Foundation/Application.php(1220): Illuminate/Foundation/Http/Kernel->handle(Object(Illuminate/Http/Request))
#46 D:/الترم الخامس/ITPM/Project/smart-campus-portal/public/index.php(20): Illuminate/Foundation/Application->handleRequest(Object(Illuminate/Http/Request))
#47 D:/الترم الخامس/ITPM/Project/smart-campus-portal/vendor/laravel/framework/src/Illuminate/Foundation/resources/server.php(23): require_once('D:///xD8/xA7/xD9/x84/xD8/xAA/xD8/xB1/xD9/x85 /xD8...')
#48 {main}
"} 
[2026-09-20 08:06:09] production.ERROR: No application encryption key has been specified. {"exception":"[object] (Illuminate\\Encryption\\MissingAppKeyException(code: 0): No application encryption key has been specified. at D:/الترم الخامس/ITPM/Project/smart-campus-portal/vendor/laravel/framework/src/Illuminate/Encryption/EncryptionServiceProvider.php:83)
[stacktrace]
#0 D:/الترم الخامس/ITPM/Project/smart-campus-portal/vendor/laravel/framework/src/Illuminate/Support/helpers.php(399): Illuminate/Encryption/EncryptionServiceProvider->Illuminate/Encryption/{closure}(NULL)
#1 D:/الترم الخامس/ITPM/Project/smart-campus-portal/vendor/laravel/framework/src/Illuminate/Encryption/EncryptionServiceProvider.php(81): tap(NULL, Object(Closure))
#2 D:/الترم الخامس/ITPM/Project/smart-campus-portal/vendor/laravel/framework/src/Illuminate/Encryption/EncryptionServiceProvider.php(64): Illuminate/Encryption/EncryptionServiceProvider->key(Array)
#3 D:/الترم الخامس/ITPM/Project/smart-campus-portal/vendor/laravel/framework/src/Illuminate/Encryption/EncryptionServiceProvider.php(32): Illuminate/Encryption/EncryptionServiceProvider->parseKey(Array)
#4 D:/الترم الخامس/ITPM/Project/smart-campus-portal/vendor/laravel/framework/src/Illuminate/Container/Container.php(952): Illuminate/Encryption/EncryptionServiceProvider->Illuminate/Encryption/{closure}(Object(Illuminate/Foundation/Application), Array)
#5 D:/الترم الخامس/ITPM/Project/smart-campus-portal/vendor/laravel/framework/src/Illuminate/Container/Container.php(832): Illuminate/Container/Container->build(Object(Closure))
#6 D:/الترم الخامس/ITPM/Project/smart-campus-portal/vendor/laravel/framework/src/Illuminate/Foundation/Application.php(1078): Illuminate/Container/Container->resolve('encrypter', Array, true)
#7 D:/الترم الخامس/ITPM/Project/smart-campus-portal/vendor/laravel/framework/src/Illuminate/Container/Container.php(763): Illuminate/Foundation/Application->resolve('encrypter', Array)
#8 D:/الترم الخامس/ITPM/Project/smart-campus-portal/vendor/laravel/framework/src/Illuminate/Foundation/Application.php(1058): Illuminate/Container/Container->make('encrypter', Array)
#9 D:/الترم الخامس/ITPM/Project/smart-campus-portal/vendor/laravel/framework/src/Illuminate/Container/Container.php(1133): Illuminate/Foundation/Application->make('encrypter')
#10 D:/الترم الخامس/ITPM/Project/smart-campus-portal/vendor/laravel/framework/src/Illuminate/Container/Container.php(1043): Illuminate/Container/Container->resolveClass(Object(ReflectionParameter))
#11 D:/الترم الخامس/ITPM/Project/smart-campus-portal/vendor/laravel/framework/src/Illuminate/Container/Container.php(994): Illuminate/Container/Container->resolveDependencies(Array)
#12 D:/الترم الخامس/ITPM/Project/smart-campus-portal/vendor/laravel/framework/src/Illuminate/Container/Container.php(832): Illuminate/Container/Container->build('Illuminate//Cook...')
#13 D:/الترم الخامس/ITPM/Project/smart-campus-portal/vendor/laravel/framework/src/Illuminate/Foundation/Application.php(1078): Illuminate/Container/Container->resolve('Illuminate//Cook...', Array, true)
#14 D:/الترم الخامس/ITPM/Project/smart-campus-portal/vendor/laravel/framework/src/Illuminate/Container/Container.php(763): Illuminate/Foundation/Application->resolve('Illuminate//Cook...', Array)
#15 D:/الترم الخامس/ITPM/Project/smart-campus-portal/vendor/laravel/framework/src/Illuminate/Foundation/Application.php(1058): Illuminate/Container/Container->make('Illuminate//Cook...', Array)
#16 D:/الترم الخامس/ITPM/Project/smart-campus-portal/vendor/laravel/framework/src/Illuminate/Foundation/Http/Kernel.php(258): Illuminate/Foundation/Application->make('Illuminate//Cook...')
#17 D:/الترم الخامس/ITPM/Project/smart-campus-portal/vendor/laravel/framework/src/Illuminate/Foundation/Http/Kernel.php(216): Illuminate/Foundation/Http/Kernel->terminateMiddleware(Object(Illuminate/Http/Request), Object(Illuminate/Http/Response))
#18 D:/الترم الخامس/ITPM/Project/smart-campus-portal/vendor/laravel/framework/src/Illuminate/Foundation/Application.php(1222): Illuminate/Foundation/Http/Kernel->terminate(Object(Illuminate/Http/Request), Object(Illuminate/Http/Response))
#19 D:/الترم الخامس/ITPM/Project/smart-campus-portal/public/index.php(20): Illuminate/Foundation/Application->handleRequest(Object(Illuminate/Http/Request))
#20 D:/الترم الخامس/ITPM/Project/smart-campus-portal/vendor/laravel/framework/src/Illuminate/Foundation/resources/server.php(23): require_once('D:///xD8/xA7/xD9/x84/xD8/xAA/xD8/xB1/xD9/x85 /xD8...')
#21 {main}
"} 
[2026-09-20 08:06:09] production.ERROR: Please provide a valid cache path. {"exception":"[object] (InvalidArgumentException(code: 0): Please provide a valid cache path. at D:/الترم الخامس/ITPM/Project/smart-campus-portal/vendor/laravel/framework/src/Illuminate/View/Compilers/Compiler.php:67)
[stacktrace]
#0 D:/الترم الخامس/ITPM/Project/smart-campus-portal/vendor/laravel/framework/src/Illuminate/View/ViewServiceProvider.php(97): Illuminate/View/Compilers/Compiler->__construct(Object(Illuminate/Filesystem/Filesystem), false, '', true, 'php')
#1 D:/الترم الخامس/ITPM/Project/smart-campus-portal/vendor/laravel/framework/src/Illuminate/Container/Container.php(952): Illuminate/View/ViewServiceProvider->Illuminate/View/{closure}(Object(Illuminate/Foundation/Application), Array)
#2 D:/الترم الخامس/ITPM/Project/smart-campus-portal/vendor/laravel/framework/src/Illuminate/Container/Container.php(832): Illuminate/Container/Container->build(Object(Closure))
#3 D:/الترم الخامس/ITPM/Project/smart-campus-portal/vendor/laravel/framework/src/Illuminate/Foundation/Application.php(1078): Illuminate/Container/Container->resolve('blade.compiler', Array, true)
#4 D:/الترم الخامس/ITPM/Project/smart-campus-portal/vendor/laravel/framework/src/Illuminate/Container/Container.php(763): Illuminate/Foundation/Application->resolve('blade.compiler', Array)
#5 D:/الترم الخامس/ITPM/Project/smart-campus-portal/vendor/laravel/framework/src/Illuminate/Foundation/Application.php(1058): Illuminate/Container/Container->make('blade.compiler', Array)
#6 D:/الترم الخامس/ITPM/Project/smart-campus-portal/vendor/laravel/framework/src/Illuminate/View/ViewServiceProvider.php(168): Illuminate/Foundation/Application->make('blade.compiler')
#7 [internal function]: Illuminate/View/ViewServiceProvider->Illuminate/View/{closure}()
#8 D:/الترم الخامس/ITPM/Project/smart-campus-portal/vendor/laravel/framework/src/Illuminate/View/Engines/EngineResolver.php(55): call_user_func(Object(Closure))
#9 D:/الترم الخامس/ITPM/Project/smart-campus-portal/vendor/laravel/framework/src/Illuminate/View/Factory.php(319): Illuminate/View/Engines/EngineResolver->resolve('blade')
#10 D:/الترم الخامس/ITPM/Project/smart-campus-portal/vendor/laravel/framework/src/Illuminate/View/Factory.php(288): Illuminate/View/Factory->getEngineFromPath('D:///xD8/xA7/xD9/x84/xD8/xAA/xD8/xB1/xD9/x85 /xD8...')
#11 D:/الترم الخامس/ITPM/Project/smart-campus-portal/vendor/laravel/framework/src/Illuminate/View/Factory.php(160): Illuminate/View/Factory->viewInstance('errors::500', 'D:///xD8/xA7/xD9/x84/xD8/xAA/xD8/xB1/xD9/x85 /xD8...', Array)
#12 D:/الترم الخامس/ITPM/Project/smart-campus-portal/vendor/laravel/framework/src/Illuminate/Routing/ResponseFactory.php(90): Illuminate/View/Factory->make('errors::500', Array)
#13 D:/الترم الخامس/ITPM/Project/smart-campus-portal/vendor/laravel/framework/src/Illuminate/Foundation/Exceptions/Handler.php(894): Illuminate/Routing/ResponseFactory->view('errors::500', Array, 500, Array)
#14 D:/الترم الخامس/ITPM/Project/smart-campus-portal/vendor/laravel/framework/src/Illuminate/Foundation/Exceptions/Handler.php(815): Illuminate/Foundation/Exceptions/Handler->renderHttpException(Object(Symfony/Component/HttpKernel/Exception/HttpException))
#15 D:/الترم الخامس/ITPM/Project/smart-campus-portal/vendor/laravel/framework/src/Illuminate/Foundation/Exceptions/Handler.php(706): Illuminate/Foundation/Exceptions/Handler->prepareResponse(Object(Illuminate/Http/Request), Object(Symfony/Component/HttpKernel/Exception/HttpException))
#16 D:/الترم الخامس/ITPM/Project/smart-campus-portal/vendor/laravel/framework/src/Illuminate/Foundation/Exceptions/Handler.php(594): Illuminate/Foundation/Exceptions/Handler->renderExceptionResponse(Object(Illuminate/Http/Request), Object(Illuminate/Encryption/MissingAppKeyException))
#17 D:/الترم الخامس/ITPM/Project/smart-campus-portal/vendor/laravel/framework/src/Illuminate/Foundation/Bootstrap/HandleExceptions.php(221): Illuminate/Foundation/Exceptions/Handler->render(Object(Illuminate/Http/Request), Object(Illuminate/Encryption/MissingAppKeyException))
#18 D:/الترم الخامس/ITPM/Project/smart-campus-portal/vendor/laravel/framework/src/Illuminate/Foundation/Bootstrap/HandleExceptions.php(198): Illuminate/Foundation/Bootstrap/HandleExceptions->renderHttpResponse(Object(Illuminate/Encryption/MissingAppKeyException))
#19 D:/الترم الخامس/ITPM/Project/smart-campus-portal/vendor/laravel/framework/src/Illuminate/Foundation/Bootstrap/HandleExceptions.php(258): Illuminate/Foundation/Bootstrap/HandleExceptions->handleException(Object(Illuminate/Encryption/MissingAppKeyException))
#20 [internal function]: Illuminate/Foundation/Bootstrap/HandleExceptions->Illuminate/Foundation/Bootstrap/{closure}(Object(Illuminate/Encryption/MissingAppKeyException))
#21 {main}
"} 
[2026-09-20 08:06:15] production.ERROR: No application encryption key has been specified. {"exception":"[object] (Illuminate\\Encryption\\MissingAppKeyException(code: 0): No application encryption key has been specified. at D:/الترم الخامس/ITPM/Project/smart-campus-portal/vendor/laravel/framework/src/Illuminate/Encryption/EncryptionServiceProvider.php:83)
[stacktrace]
#0 D:/الترم الخامس/ITPM/Project/smart-campus-portal/vendor/laravel/framework/src/Illuminate/Support/helpers.php(399): Illuminate/Encryption/EncryptionServiceProvider->Illuminate/Encryption/{closure}(NULL)
#1 D:/الترم الخامس/ITPM/Project/smart-campus-portal/vendor/laravel/framework/src/Illuminate/Encryption/EncryptionServiceProvider.php(81): tap(NULL, Object(Closure))
#2 D:/الترم الخامس/ITPM/Project/smart-campus-portal/vendor/laravel/framework/src/Illuminate/Encryption/EncryptionServiceProvider.php(64): Illuminate/Encryption/EncryptionServiceProvider->key(Array)
#3 D:/الترم الخامس/ITPM/Project/smart-campus-portal/vendor/laravel/framework/src/Illuminate/Encryption/EncryptionServiceProvider.php(32): Illuminate/Encryption/EncryptionServiceProvider->parseKey(Array)
#4 D:/الترم الخامس/ITPM/Project/smart-campus-portal/vendor/laravel/framework/src/Illuminate/Container/Container.php(952): Illuminate/Encryption/EncryptionServiceProvider->Illuminate/Encryption/{closure}(Object(Illuminate/Foundation/Application), Array)
#5 D:/الترم الخامس/ITPM/Project/smart-campus-portal/vendor/laravel/framework/src/Illuminate/Container/Container.php(832): Illuminate/Container/Container->build(Object(Closure))
#6 D:/الترم الخامس/ITPM/Project/smart-campus-portal/vendor/laravel/framework/src/Illuminate/Foundation/Application.php(1078): Illuminate/Container/Container->resolve('encrypter', Array, true)
#7 D:/الترم الخامس/ITPM/Project/smart-campus-portal/vendor/laravel/framework/src/Illuminate/Container/Container.php(763): Illuminate/Foundation/Application->resolve('encrypter', Array)
#8 D:/الترم الخامس/ITPM/Project/smart-campus-portal/vendor/laravel/framework/src/Illuminate/Foundation/Application.php(1058): Illuminate/Container/Container->make('encrypter', Array)
#9 D:/الترم الخامس/ITPM/Project/smart-campus-portal/vendor/laravel/framework/src/Illuminate/Container/Container.php(1133): Illuminate/Foundation/Application->make('encrypter')
#10 D:/الترم الخامس/ITPM/Project/smart-campus-portal/vendor/laravel/framework/src/Illuminate/Container/Container.php(1043): Illuminate/Container/Container->resolveClass(Object(ReflectionParameter))
#11 D:/الترم الخامس/ITPM/Project/smart-campus-portal/vendor/laravel/framework/src/Illuminate/Container/Container.php(994): Illuminate/Container/Container->resolveDependencies(Array)
#12 D:/الترم الخامس/ITPM/Project/smart-campus-portal/vendor/laravel/framework/src/Illuminate/Container/Container.php(832): Illuminate/Container/Container->build('Illuminate//Cook...')
#13 D:/الترم الخامس/ITPM/Project/smart-campus-portal/vendor/laravel/framework/src/Illuminate/Foundation/Application.php(1078): Illuminate/Container/Container->resolve('Illuminate//Cook...', Array, true)
#14 D:/الترم الخامس/ITPM/Project/smart-campus-portal/vendor/laravel/framework/src/Illuminate/Container/Container.php(763): Illuminate/Foundation/Application->resolve('Illuminate//Cook...', Array)
#15 D:/الترم الخامس/ITPM/Project/smart-campus-portal/vendor/laravel/framework/src/Illuminate/Foundation/Application.php(1058): Illuminate/Container/Container->make('Illuminate//Cook...', Array)
#16 D:/الترم الخامس/ITPM/Project/smart-campus-portal/vendor/laravel/framework/src/Illuminate/Pipeline/Pipeline.php(198): Illuminate/Foundation/Application->make('Illuminate//Cook...')
#17 D:/الترم الخامس/ITPM/Project/smart-campus-portal/vendor/laravel/framework/src/Illuminate/Pipeline/Pipeline.php(127): Illuminate/Pipeline/Pipeline->Illuminate/Pipeline/{closure}(Object(Illuminate/Http/Request))
#18 D:/الترم الخامس/ITPM/Project/smart-campus-portal/vendor/laravel/framework/src/Illuminate/Routing/Router.php(807): Illuminate/Pipeline/Pipeline->then(Object(Closure))
#19 D:/الترم الخامس/ITPM/Project/smart-campus-portal/vendor/laravel/framework/src/Illuminate/Routing/Router.php(786): Illuminate/Routing/Router->runRouteWithinStack(Object(Illuminate/Routing/Route), Object(Illuminate/Http/Request))
#20 D:/الترم الخامس/ITPM/Project/smart-campus-portal/vendor/laravel/framework/src/Illuminate/Routing/Router.php(750): Illuminate/Routing/Router->runRoute(Object(Illuminate/Http/Request), Object(Illuminate/Routing/Route))
#21 D:/الترم الخامس/ITPM/Project/smart-campus-portal/vendor/laravel/framework/src/Illuminate/Routing/Router.php(739): Illuminate/Routing/Router->dispatchToRoute(Object(Illuminate/Http/Request))
#22 D:/الترم الخامس/ITPM/Project/smart-campus-portal/vendor/laravel/framework/src/Illuminate/Foundation/Http/Kernel.php(201): Illuminate/Routing/Router->dispatch(Object(Illuminate/Http/Request))
#23 D:/الترم الخامس/ITPM/Project/smart-campus-portal/vendor/laravel/framework/src/Illuminate/Pipeline/Pipeline.php(170): Illuminate/Foundation/Http/Kernel->Illuminate/Foundation/Http/{closure}(Object(Illuminate/Http/Request))
#24 D:/الترم الخامس/ITPM/Project/smart-campus-portal/vendor/laravel/framework/src/Illuminate/Foundation/Http/Middleware/TransformsRequest.php(21): Illuminate/Pipeline/Pipeline->Illuminate/Pipeline/{closure}(Object(Illuminate/Http/Request))
#25 D:/الترم الخامس/ITPM/Project/smart-campus-portal/vendor/laravel/framework/src/Illuminate/Foundation/Http/Middleware/ConvertEmptyStringsToNull.php(31): Illuminate/Foundation/Http/Middleware/TransformsRequest->handle(Object(Illuminate/Http/Request), Object(Closure))
#26 D:/الترم الخامس/ITPM/Project/smart-campus-portal/vendor/laravel/framework/src/Illuminate/Pipeline/Pipeline.php(209): Illuminate/Foundation/Http/Middleware/ConvertEmptyStringsToNull->handle(Object(Illuminate/Http/Request), Object(Closure))
#27 D:/الترم الخامس/ITPM/Project/smart-campus-portal/vendor/laravel/framework/src/Illuminate/Foundation/Http/Middleware/TransformsRequest.php(21): Illuminate/Pipeline/Pipeline->Illuminate/Pipeline/{closure}(Object(Illuminate/Http/Request))
#28 D:/الترم الخامس/ITPM/Project/smart-campus-portal/vendor/laravel/framework/src/Illuminate/Foundation/Http/Middleware/TrimStrings.php(51): Illuminate/Foundation/Http/Middleware/TransformsRequest->handle(Object(Illuminate/Http/Request), Object(Closure))
#29 D:/الترم الخامس/ITPM/Project/smart-campus-portal/vendor/laravel/framework/src/Illuminate/Pipeline/Pipeline.php(209): Illuminate/Foundation/Http/Middleware/TrimStrings->handle(Object(Illuminate/Http/Request), Object(Closure))
#30 D:/الترم الخامس/ITPM/Project/smart-campus-portal/vendor/laravel/framework/src/Illuminate/Http/Middleware/ValidatePostSize.php(27): Illuminate/Pipeline/Pipeline->Illuminate/Pipeline/{closure}(Object(Illuminate/Http/Request))
#31 D:/الترم الخامس/ITPM/Project/smart-campus-portal/vendor/laravel/framework/src/Illuminate/Pipeline/Pipeline.php(209): Illuminate/Http/Middleware/ValidatePostSize->handle(Object(Illuminate/Http/Request), Object(Closure))
#32 D:/الترم الخامس/ITPM/Project/smart-campus-portal/vendor/laravel/framework/src/Illuminate/Foundation/Http/Middleware/PreventRequestsDuringMaintenance.php(110): Illuminate/Pipeline/Pipeline->Illuminate/Pipeline/{closure}(Object(Illuminate/Http/Request))
#33 D:/الترم الخامس/ITPM/Project/smart-campus-portal/vendor/laravel/framework/src/Illuminate/Pipeline/Pipeline.php(209): Illuminate/Foundation/Http/Middleware/PreventRequestsDuringMaintenance->handle(Object(Illuminate/Http/Request), Object(Closure))
#34 D:/الترم الخامس/ITPM/Project/smart-campus-portal/vendor/laravel/framework/src/Illuminate/Http/Middleware/HandleCors.php(49): Illuminate/Pipeline/Pipeline->Illuminate/Pipeline/{closure}(Object(Illuminate/Http/Request))
#35 D:/الترم الخامس/ITPM/Project/smart-campus-portal/vendor/laravel/framework/src/Illuminate/Pipeline/Pipeline.php(209): Illuminate/Http/Middleware/HandleCors->handle(Object(Illuminate/Http/Request), Object(Closure))
#36 D:/الترم الخامس/ITPM/Project/smart-campus-portal/vendor/laravel/framework/src/Illuminate/Http/Middleware/TrustProxies.php(58): Illuminate/Pipeline/Pipeline->Illuminate/Pipeline/{closure}(Object(Illuminate/Http/Request))
#37 D:/الترم الخامس/ITPM/Project/smart-campus-portal/vendor/laravel/framework/src/Illuminate/Pipeline/Pipeline.php(209): Illuminate/Http/Middleware/TrustProxies->handle(Object(Illuminate/Http/Request), Object(Closure))
#38 D:/الترم الخامس/ITPM/Project/smart-campus-portal/vendor/laravel/framework/src/Illuminate/Foundation/Http/Middleware/InvokeDeferredCallbacks.php(22): Illuminate/Pipeline/Pipeline->Illuminate/Pipeline/{closure}(Object(Illuminate/Http/Request))
#39 D:/الترم الخامس/ITPM/Project/smart-campus-portal/vendor/laravel/framework/src/Illuminate/Pipeline/Pipeline.php(209): Illuminate/Foundation/Http/Middleware/InvokeDeferredCallbacks->handle(Object(Illuminate/Http/Request), Object(Closure))
#40 D:/الترم الخامس/ITPM/Project/smart-campus-portal/vendor/laravel/framework/src/Illuminate/Pipeline/Pipeline.php(127): Illuminate/Pipeline/Pipeline->Illuminate/Pipeline/{closure}(Object(Illuminate/Http/Request))
#41 D:/الترم الخامس/ITPM/Project/smart-campus-portal/vendor/laravel/framework/src/Illuminate/Foundation/Http/Kernel.php(176): Illuminate/Pipeline/Pipeline->then(Object(Closure))
#42 D:/الترم الخامس/ITPM/Project/smart-campus-portal/vendor/laravel/framework/src/Illuminate/Foundation/Http/Kernel.php(145): Illuminate/Foundation/Http/Kernel->sendRequestThroughRouter(Object(Illuminate/Http/Request))
#43 D:/الترم الخامس/ITPM/Project/smart-campus-portal/vendor/laravel/framework/src/Illuminate/Foundation/Application.php(1220): Illuminate/Foundation/Http/Kernel->handle(Object(Illuminate/Http/Request))
#44 D:/الترم الخامس/ITPM/Project/smart-campus-portal/public/index.php(20): Illuminate/Foundation/Application->handleRequest(Object(Illuminate/Http/Request))
#45 D:/الترم الخامس/ITPM/Project/smart-campus-portal/vendor/laravel/framework/src/Illuminate/Foundation/resources/server.php(23): require_once('D:///xD8/xA7/xD9/x84/xD8/xAA/xD8/xB1/xD9/x85 /xD8...')
#46 {main}
"} 
[2026-09-20 08:06:15] production.ERROR: Please provide a valid cache path. {"exception":"[object] (InvalidArgumentException(code: 0): Please provide a valid cache path. at D:/الترم الخامس/ITPM/Project/smart-campus-portal/vendor/laravel/framework/src/Illuminate/View/Compilers/Compiler.php:67)
[stacktrace]
#0 D:/الترم الخامس/ITPM/Project/smart-campus-portal/vendor/laravel/framework/src/Illuminate/View/ViewServiceProvider.php(97): Illuminate/View/Compilers/Compiler->__construct(Object(Illuminate/Filesystem/Filesystem), false, '', true, 'php')
#1 D:/الترم الخامس/ITPM/Project/smart-campus-portal/vendor/laravel/framework/src/Illuminate/Container/Container.php(952): Illuminate/View/ViewServiceProvider->Illuminate/View/{closure}(Object(Illuminate/Foundation/Application), Array)
#2 D:/الترم الخامس/ITPM/Project/smart-campus-portal/vendor/laravel/framework/src/Illuminate/Container/Container.php(832): Illuminate/Container/Container->build(Object(Closure))
#3 D:/الترم الخامس/ITPM/Project/smart-campus-portal/vendor/laravel/framework/src/Illuminate/Foundation/Application.php(1078): Illuminate/Container/Container->resolve('blade.compiler', Array, true)
#4 D:/الترم الخامس/ITPM/Project/smart-campus-portal/vendor/laravel/framework/src/Illuminate/Container/Container.php(763): Illuminate/Foundation/Application->resolve('blade.compiler', Array)
#5 D:/الترم الخامس/ITPM/Project/smart-campus-portal/vendor/laravel/framework/src/Illuminate/Foundation/Application.php(1058): Illuminate/Container/Container->make('blade.compiler', Array)
#6 D:/الترم الخامس/ITPM/Project/smart-campus-portal/vendor/laravel/framework/src/Illuminate/View/ViewServiceProvider.php(168): Illuminate/Foundation/Application->make('blade.compiler')
#7 [internal function]: Illuminate/View/ViewServiceProvider->Illuminate/View/{closure}()
#8 D:/الترم الخامس/ITPM/Project/smart-campus-portal/vendor/laravel/framework/src/Illuminate/View/Engines/EngineResolver.php(55): call_user_func(Object(Closure))
#9 D:/الترم الخامس/ITPM/Project/smart-campus-portal/vendor/laravel/framework/src/Illuminate/View/Factory.php(326): Illuminate/View/Engines/EngineResolver->resolve('blade')
#10 D:/الترم الخامس/ITPM/Project/smart-campus-portal/vendor/laravel/framework/src/Illuminate/View/Factory.php(288): Illuminate/View/Factory->getEngineFromPath('D:///xD8/xA7/xD9/x84/xD8/xAA/xD8/xB1/xD9/x85 /xD8...')
#11 D:/الترم الخامس/ITPM/Project/smart-campus-portal/vendor/laravel/framework/src/Illuminate/View/Factory.php(160): Illuminate/View/Factory->viewInstance('errors::500', 'D:///xD8/xA7/xD9/x84/xD8/xAA/xD8/xB1/xD9/x85 /xD8...', Array)
#12 D:/الترم الخامس/ITPM/Project/smart-campus-portal/vendor/laravel/framework/src/Illuminate/Routing/ResponseFactory.php(90): Illuminate/View/Factory->make('errors::500', Array)
#13 D:/الترم الخامس/ITPM/Project/smart-campus-portal/vendor/laravel/framework/src/Illuminate/Foundation/Exceptions/Handler.php(894): Illuminate/Routing/ResponseFactory->view('errors::500', Array, 500, Array)
#14 D:/الترم الخامس/ITPM/Project/smart-campus-portal/vendor/laravel/framework/src/Illuminate/Foundation/Exceptions/Handler.php(815): Illuminate/Foundation/Exceptions/Handler->renderHttpException(Object(Symfony/Component/HttpKernel/Exception/HttpException))
#15 D:/الترم الخامس/ITPM/Project/smart-campus-portal/vendor/laravel/framework/src/Illuminate/Foundation/Exceptions/Handler.php(706): Illuminate/Foundation/Exceptions/Handler->prepareResponse(Object(Illuminate/Http/Request), Object(Symfony/Component/HttpKernel/Exception/HttpException))
#16 D:/الترم الخامس/ITPM/Project/smart-campus-portal/vendor/laravel/framework/src/Illuminate/Foundation/Exceptions/Handler.php(594): Illuminate/Foundation/Exceptions/Handler->renderExceptionResponse(Object(Illuminate/Http/Request), Object(Illuminate/Encryption/MissingAppKeyException))
#17 D:/الترم الخامس/ITPM/Project/smart-campus-portal/vendor/laravel/framework/src/Illuminate/Routing/Pipeline.php(51): Illuminate/Foundation/Exceptions/Handler->render(Object(Illuminate/Http/Request), Object(Illuminate/Encryption/MissingAppKeyException))
#18 D:/الترم الخامس/ITPM/Project/smart-campus-portal/vendor/laravel/framework/src/Illuminate/Pipeline/Pipeline.php(214): Illuminate/Routing/Pipeline->handleException(Object(Illuminate/Http/Request), Object(Illuminate/Encryption/MissingAppKeyException))
#19 D:/الترم الخامس/ITPM/Project/smart-campus-portal/vendor/laravel/framework/src/Illuminate/Pipeline/Pipeline.php(127): Illuminate/Pipeline/Pipeline->Illuminate/Pipeline/{closure}(Object(Illuminate/Http/Request))
#20 D:/الترم الخامس/ITPM/Project/smart-campus-portal/vendor/laravel/framework/src/Illuminate/Routing/Router.php(807): Illuminate/Pipeline/Pipeline->then(Object(Closure))
#21 D:/الترم الخامس/ITPM/Project/smart-campus-portal/vendor/laravel/framework/src/Illuminate/Routing/Router.php(786): Illuminate/Routing/Router->runRouteWithinStack(Object(Illuminate/Routing/Route), Object(Illuminate/Http/Request))
#22 D:/الترم الخامس/ITPM/Project/smart-campus-portal/vendor/laravel/framework/src/Illuminate/Routing/Router.php(750): Illuminate/Routing/Router->runRoute(Object(Illuminate/Http/Request), Object(Illuminate/Routing/Route))
#23 D:/الترم الخامس/ITPM/Project/smart-campus-portal/vendor/laravel/framework/src/Illuminate/Routing/Router.php(739): Illuminate/Routing/Router->dispatchToRoute(Object(Illuminate/Http/Request))
#24 D:/الترم الخامس/ITPM/Project/smart-campus-portal/vendor/laravel/framework/src/Illuminate/Foundation/Http/Kernel.php(201): Illuminate/Routing/Router->dispatch(Object(Illuminate/Http/Request))
#25 D:/الترم الخامس/ITPM/Project/smart-campus-portal/vendor/laravel/framework/src/Illuminate/Pipeline/Pipeline.php(170): Illuminate/Foundation/Http/Kernel->Illuminate/Foundation/Http/{closure}(Object(Illuminate/Http/Request))
#26 D:/الترم الخامس/ITPM/Project/smart-campus-portal/vendor/laravel/framework/src/Illuminate/Foundation/Http/Middleware/TransformsRequest.php(21): Illuminate/Pipeline/Pipeline->Illuminate/Pipeline/{closure}(Object(Illuminate/Http/Request))
#27 D:/الترم الخامس/ITPM/Project/smart-campus-portal/vendor/laravel/framework/src/Illuminate/Foundation/Http/Middleware/ConvertEmptyStringsToNull.php(31): Illuminate/Foundation/Http/Middleware/TransformsRequest->handle(Object(Illuminate/Http/Request), Object(Closure))
#28 D:/الترم الخامس/ITPM/Project/smart-campus-portal/vendor/laravel/framework/src/Illuminate/Pipeline/Pipeline.php(209): Illuminate/Foundation/Http/Middleware/ConvertEmptyStringsToNull->handle(Object(Illuminate/Http/Request), Object(Closure))
#29 D:/الترم الخامس/ITPM/Project/smart-campus-portal/vendor/laravel/framework/src/Illuminate/Foundation/Http/Middleware/TransformsRequest.php(21): Illuminate/Pipeline/Pipeline->Illuminate/Pipeline/{closure}(Object(Illuminate/Http/Request))
#30 D:/الترم الخامس/ITPM/Project/smart-campus-portal/vendor/laravel/framework/src/Illuminate/Foundation/Http/Middleware/TrimStrings.php(51): Illuminate/Foundation/Http/Middleware/TransformsRequest->handle(Object(Illuminate/Http/Request), Object(Closure))
#31 D:/الترم الخامس/ITPM/Project/smart-campus-portal/vendor/laravel/framework/src/Illuminate/Pipeline/Pipeline.php(209): Illuminate/Foundation/Http/Middleware/TrimStrings->handle(Object(Illuminate/Http/Request), Object(Closure))
#32 D:/الترم الخامس/ITPM/Project/smart-campus-portal/vendor/laravel/framework/src/Illuminate/Http/Middleware/ValidatePostSize.php(27): Illuminate/Pipeline/Pipeline->Illuminate/Pipeline/{closure}(Object(Illuminate/Http/Request))
#33 D:/الترم الخامس/ITPM/Project/smart-campus-portal/vendor/laravel/framework/src/Illuminate/Pipeline/Pipeline.php(209): Illuminate/Http/Middleware/ValidatePostSize->handle(Object(Illuminate/Http/Request), Object(Closure))
#34 D:/الترم الخامس/ITPM/Project/smart-campus-portal/vendor/laravel/framework/src/Illuminate/Foundation/Http/Middleware/PreventRequestsDuringMaintenance.php(110): Illuminate/Pipeline/Pipeline->Illuminate/Pipeline/{closure}(Object(Illuminate/Http/Request))
#35 D:/الترم الخامس/ITPM/Project/smart-campus-portal/vendor/laravel/framework/src/Illuminate/Pipeline/Pipeline.php(209): Illuminate/Foundation/Http/Middleware/PreventRequestsDuringMaintenance->handle(Object(Illuminate/Http/Request), Object(Closure))
#36 D:/الترم الخامس/ITPM/Project/smart-campus-portal/vendor/laravel/framework/src/Illuminate/Http/Middleware/HandleCors.php(49): Illuminate/Pipeline/Pipeline->Illuminate/Pipeline/{closure}(Object(Illuminate/Http/Request))
#37 D:/الترم الخامس/ITPM/Project/smart-campus-portal/vendor/laravel/framework/src/Illuminate/Pipeline/Pipeline.php(209): Illuminate/Http/Middleware/HandleCors->handle(Object(Illuminate/Http/Request), Object(Closure))
#38 D:/الترم الخامس/ITPM/Project/smart-campus-portal/vendor/laravel/framework/src/Illuminate/Http/Middleware/TrustProxies.php(58): Illuminate/Pipeline/Pipeline->Illuminate/Pipeline/{closure}(Object(Illuminate/Http/Request))
#39 D:/الترم الخامس/ITPM/Project/smart-campus-portal/vendor/laravel/framework/src/Illuminate/Pipeline/Pipeline.php(209): Illuminate/Http/Middleware/TrustProxies->handle(Object(Illuminate/Http/Request), Object(Closure))
#40 D:/الترم الخامس/ITPM/Project/smart-campus-portal/vendor/laravel/framework/src/Illuminate/Foundation/Http/Middleware/InvokeDeferredCallbacks.php(22): Illuminate/Pipeline/Pipeline->Illuminate/Pipeline/{closure}(Object(Illuminate/Http/Request))
#41 D:/الترم الخامس/ITPM/Project/smart-campus-portal/vendor/laravel/framework/src/Illuminate/Pipeline/Pipeline.php(209): Illuminate/Foundation/Http/Middleware/InvokeDeferredCallbacks->handle(Object(Illuminate/Http/Request), Object(Closure))
#42 D:/الترم الخامس/ITPM/Project/smart-campus-portal/vendor/laravel/framework/src/Illuminate/Pipeline/Pipeline.php(127): Illuminate/Pipeline/Pipeline->Illuminate/Pipeline/{closure}(Object(Illuminate/Http/Request))
#43 D:/الترم الخامس/ITPM/Project/smart-campus-portal/vendor/laravel/framework/src/Illuminate/Foundation/Http/Kernel.php(176): Illuminate/Pipeline/Pipeline->then(Object(Closure))
#44 D:/الترم الخامس/ITPM/Project/smart-campus-portal/vendor/laravel/framework/src/Illuminate/Foundation/Http/Kernel.php(145): Illuminate/Foundation/Http/Kernel->sendRequestThroughRouter(Object(Illuminate/Http/Request))
#45 D:/الترم الخامس/ITPM/Project/smart-campus-portal/vendor/laravel/framework/src/Illuminate/Foundation/Application.php(1220): Illuminate/Foundation/Http/Kernel->handle(Object(Illuminate/Http/Request))
#46 D:/الترم الخامس/ITPM/Project/smart-campus-portal/public/index.php(20): Illuminate/Foundation/Application->handleRequest(Object(Illuminate/Http/Request))
#47 D:/الترم الخامس/ITPM/Project/smart-campus-portal/vendor/laravel/framework/src/Illuminate/Foundation/resources/server.php(23): require_once('D:///xD8/xA7/xD9/x84/xD8/xAA/xD8/xB1/xD9/x85 /xD8...')
#48 {main}
"} 
[2026-09-20 08:06:15] production.ERROR: No application encryption key has been specified. {"exception":"[object] (Illuminate\\Encryption\\MissingAppKeyException(code: 0): No application encryption key has been specified. at D:/الترم الخامس/ITPM/Project/smart-campus-portal/vendor/laravel/framework/src/Illuminate/Encryption/EncryptionServiceProvider.php:83)
[stacktrace]
#0 D:/الترم الخامس/ITPM/Project/smart-campus-portal/vendor/laravel/framework/src/Illuminate/Support/helpers.php(399): Illuminate/Encryption/EncryptionServiceProvider->Illuminate/Encryption/{closure}(NULL)
#1 D:/الترم الخامس/ITPM/Project/smart-campus-portal/vendor/laravel/framework/src/Illuminate/Encryption/EncryptionServiceProvider.php(81): tap(NULL, Object(Closure))
#2 D:/الترم الخامس/ITPM/Project/smart-campus-portal/vendor/laravel/framework/src/Illuminate/Encryption/EncryptionServiceProvider.php(64): Illuminate/Encryption/EncryptionServiceProvider->key(Array)
#3 D:/الترم الخامس/ITPM/Project/smart-campus-portal/vendor/laravel/framework/src/Illuminate/Encryption/EncryptionServiceProvider.php(32): Illuminate/Encryption/EncryptionServiceProvider->parseKey(Array)
#4 D:/الترم الخامس/ITPM/Project/smart-campus-portal/vendor/laravel/framework/src/Illuminate/Container/Container.php(952): Illuminate/Encryption/EncryptionServiceProvider->Illuminate/Encryption/{closure}(Object(Illuminate/Foundation/Application), Array)
#5 D:/الترم الخامس/ITPM/Project/smart-campus-portal/vendor/laravel/framework/src/Illuminate/Container/Container.php(832): Illuminate/Container/Container->build(Object(Closure))
#6 D:/الترم الخامس/ITPM/Project/smart-campus-portal/vendor/laravel/framework/src/Illuminate/Foundation/Application.php(1078): Illuminate/Container/Container->resolve('encrypter', Array, true)
#7 D:/الترم الخامس/ITPM/Project/smart-campus-portal/vendor/laravel/framework/src/Illuminate/Container/Container.php(763): Illuminate/Foundation/Application->resolve('encrypter', Array)
#8 D:/الترم الخامس/ITPM/Project/smart-campus-portal/vendor/laravel/framework/src/Illuminate/Foundation/Application.php(1058): Illuminate/Container/Container->make('encrypter', Array)
#9 D:/الترم الخامس/ITPM/Project/smart-campus-portal/vendor/laravel/framework/src/Illuminate/Container/Container.php(1133): Illuminate/Foundation/Application->make('encrypter')
#10 D:/الترم الخامس/ITPM/Project/smart-campus-portal/vendor/laravel/framework/src/Illuminate/Container/Container.php(1043): Illuminate/Container/Container->resolveClass(Object(ReflectionParameter))
#11 D:/الترم الخامس/ITPM/Project/smart-campus-portal/vendor/laravel/framework/src/Illuminate/Container/Container.php(994): Illuminate/Container/Container->resolveDependencies(Array)
#12 D:/الترم الخامس/ITPM/Project/smart-campus-portal/vendor/laravel/framework/src/Illuminate/Container/Container.php(832): Illuminate/Container/Container->build('Illuminate//Cook...')
#13 D:/الترم الخامس/ITPM/Project/smart-campus-portal/vendor/laravel/framework/src/Illuminate/Foundation/Application.php(1078): Illuminate/Container/Container->resolve('Illuminate//Cook...', Array, true)
#14 D:/الترم الخامس/ITPM/Project/smart-campus-portal/vendor/laravel/framework/src/Illuminate/Container/Container.php(763): Illuminate/Foundation/Application->resolve('Illuminate//Cook...', Array)
#15 D:/الترم الخامس/ITPM/Project/smart-campus-portal/vendor/laravel/framework/src/Illuminate/Foundation/Application.php(1058): Illuminate/Container/Container->make('Illuminate//Cook...', Array)
#16 D:/الترم الخامس/ITPM/Project/smart-campus-portal/vendor/laravel/framework/src/Illuminate/Foundation/Http/Kernel.php(258): Illuminate/Foundation/Application->make('Illuminate//Cook...')
#17 D:/الترم الخامس/ITPM/Project/smart-campus-portal/vendor/laravel/framework/src/Illuminate/Foundation/Http/Kernel.php(216): Illuminate/Foundation/Http/Kernel->terminateMiddleware(Object(Illuminate/Http/Request), Object(Illuminate/Http/Response))
#18 D:/الترم الخامس/ITPM/Project/smart-campus-portal/vendor/laravel/framework/src/Illuminate/Foundation/Application.php(1222): Illuminate/Foundation/Http/Kernel->terminate(Object(Illuminate/Http/Request), Object(Illuminate/Http/Response))
#19 D:/الترم الخامس/ITPM/Project/smart-campus-portal/public/index.php(20): Illuminate/Foundation/Application->handleRequest(Object(Illuminate/Http/Request))
#20 D:/الترم الخامس/ITPM/Project/smart-campus-portal/vendor/laravel/framework/src/Illuminate/Foundation/resources/server.php(23): require_once('D:///xD8/xA7/xD9/x84/xD8/xAA/xD8/xB1/xD9/x85 /xD8...')
#21 {main}
"} 
[2026-09-20 08:06:15] production.ERROR: Please provide a valid cache path. {"exception":"[object] (InvalidArgumentException(code: 0): Please provide a valid cache path. at D:/الترم الخامس/ITPM/Project/smart-campus-portal/vendor/laravel/framework/src/Illuminate/View/Compilers/Compiler.php:67)
[stacktrace]
#0 D:/الترم الخامس/ITPM/Project/smart-campus-portal/vendor/laravel/framework/src/Illuminate/View/ViewServiceProvider.php(97): Illuminate/View/Compilers/Compiler->__construct(Object(Illuminate/Filesystem/Filesystem), false, '', true, 'php')
#1 D:/الترم الخامس/ITPM/Project/smart-campus-portal/vendor/laravel/framework/src/Illuminate/Container/Container.php(952): Illuminate/View/ViewServiceProvider->Illuminate/View/{closure}(Object(Illuminate/Foundation/Application), Array)
#2 D:/الترم الخامس/ITPM/Project/smart-campus-portal/vendor/laravel/framework/src/Illuminate/Container/Container.php(832): Illuminate/Container/Container->build(Object(Closure))
#3 D:/الترم الخامس/ITPM/Project/smart-campus-portal/vendor/laravel/framework/src/Illuminate/Foundation/Application.php(1078): Illuminate/Container/Container->resolve('blade.compiler', Array, true)
#4 D:/الترم الخامس/ITPM/Project/smart-campus-portal/vendor/laravel/framework/src/Illuminate/Container/Container.php(763): Illuminate/Foundation/Application->resolve('blade.compiler', Array)
#5 D:/الترم الخامس/ITPM/Project/smart-campus-portal/vendor/laravel/framework/src/Illuminate/Foundation/Application.php(1058): Illuminate/Container/Container->make('blade.compiler', Array)
#6 D:/الترم الخامس/ITPM/Project/smart-campus-portal/vendor/laravel/framework/src/Illuminate/View/ViewServiceProvider.php(168): Illuminate/Foundation/Application->make('blade.compiler')
#7 [internal function]: Illuminate/View/ViewServiceProvider->Illuminate/View/{closure}()
#8 D:/الترم الخامس/ITPM/Project/smart-campus-portal/vendor/laravel/framework/src/Illuminate/View/Engines/EngineResolver.php(55): call_user_func(Object(Closure))
#9 D:/الترم الخامس/ITPM/Project/smart-campus-portal/vendor/laravel/framework/src/Illuminate/View/Factory.php(319): Illuminate/View/Engines/EngineResolver->resolve('blade')
#10 D:/الترم الخامس/ITPM/Project/smart-campus-portal/vendor/laravel/framework/src/Illuminate/View/Factory.php(288): Illuminate/View/Factory->getEngineFromPath('D:///xD8/xA7/xD9/x84/xD8/xAA/xD8/xB1/xD9/x85 /xD8...')
#11 D:/الترم الخامس/ITPM/Project/smart-campus-portal/vendor/laravel/framework/src/Illuminate/View/Factory.php(160): Illuminate/View/Factory->viewInstance('errors::500', 'D:///xD8/xA7/xD9/x84/xD8/xAA/xD8/xB1/xD9/x85 /xD8...', Array)
#12 D:/الترم الخامس/ITPM/Project/smart-campus-portal/vendor/laravel/framework/src/Illuminate/Routing/ResponseFactory.php(90): Illuminate/View/Factory->make('errors::500', Array)
#13 D:/الترم الخامس/ITPM/Project/smart-campus-portal/vendor/laravel/framework/src/Illuminate/Foundation/Exceptions/Handler.php(894): Illuminate/Routing/ResponseFactory->view('errors::500', Array, 500, Array)
#14 D:/الترم الخامس/ITPM/Project/smart-campus-portal/vendor/laravel/framework/src/Illuminate/Foundation/Exceptions/Handler.php(815): Illuminate/Foundation/Exceptions/Handler->renderHttpException(Object(Symfony/Component/HttpKernel/Exception/HttpException))
#15 D:/الترم الخامس/ITPM/Project/smart-campus-portal/vendor/laravel/framework/src/Illuminate/Foundation/Exceptions/Handler.php(706): Illuminate/Foundation/Exceptions/Handler->prepareResponse(Object(Illuminate/Http/Request), Object(Symfony/Component/HttpKernel/Exception/HttpException))
#16 D:/الترم الخامس/ITPM/Project/smart-campus-portal/vendor/laravel/framework/src/Illuminate/Foundation/Exceptions/Handler.php(594): Illuminate/Foundation/Exceptions/Handler->renderExceptionResponse(Object(Illuminate/Http/Request), Object(Illuminate/Encryption/MissingAppKeyException))
#17 D:/الترم الخامس/ITPM/Project/smart-campus-portal/vendor/laravel/framework/src/Illuminate/Foundation/Bootstrap/HandleExceptions.php(221): Illuminate/Foundation/Exceptions/Handler->render(Object(Illuminate/Http/Request), Object(Illuminate/Encryption/MissingAppKeyException))
#18 D:/الترم الخامس/ITPM/Project/smart-campus-portal/vendor/laravel/framework/src/Illuminate/Foundation/Bootstrap/HandleExceptions.php(198): Illuminate/Foundation/Bootstrap/HandleExceptions->renderHttpResponse(Object(Illuminate/Encryption/MissingAppKeyException))
#19 D:/الترم الخامس/ITPM/Project/smart-campus-portal/vendor/laravel/framework/src/Illuminate/Foundation/Bootstrap/HandleExceptions.php(258): Illuminate/Foundation/Bootstrap/HandleExceptions->handleException(Object(Illuminate/Encryption/MissingAppKeyException))
#20 [internal function]: Illuminate/Foundation/Bootstrap/HandleExceptions->Illuminate/Foundation/Bootstrap/{closure}(Object(Illuminate/Encryption/MissingAppKeyException))
#21 {main}
"} 
[2026-09-20 08:11:40] local.ERROR: Database file at path [D:\الترم الخامس\ITPM\Project\smart-campus-portal\database\database.sqlite] does not exist. Ensure this is an absolute path to the database. (Connection: sqlite, SQL: select * from "sessions" where "id" = Bmmqhb91qeQjkIYvW96scFQv4CW4NWp9uAR0wqdP limit 1) {"exception":"[object] (Illuminate\\Database\\QueryException(code: 0): Database file at path [D:\\الترم الخامس\\ITPM\\Project\\smart-campus-portal\\database\\database.sqlite] does not exist. Ensure this is an absolute path to the database. (Connection: sqlite, SQL: select * from \"sessions\" where \"id\" = Bmmqhb91qeQjkIYvW96scFQv4CW4NWp9uAR0wqdP limit 1) at D:/الترم الخامس/ITPM/Project/smart-campus-portal/vendor/laravel/framework/src/Illuminate/Database/Connection.php:825)
[stacktrace]
#0 D:/الترم الخامس/ITPM/Project/smart-campus-portal/vendor/laravel/framework/src/Illuminate/Database/Connection.php(779): Illuminate/Database/Connection->runQueryCallback('select * from \"...', Array, Object(Closure))
#1 D:/الترم الخامس/ITPM/Project/smart-campus-portal/vendor/laravel/framework/src/Illuminate/Database/Connection.php(398): Illuminate/Database/Connection->run('select * from \"...', Array, Object(Closure))
#2 D:/الترم الخامس/ITPM/Project/smart-campus-portal/vendor/laravel/framework/src/Illuminate/Database/Query/Builder.php(3106): Illuminate/Database/Connection->select('select * from \"...', Array, false)
#3 D:/الترم الخامس/ITPM/Project/smart-campus-portal/vendor/laravel/framework/src/Illuminate/Database/Query/Builder.php(3091): Illuminate/Database/Query/Builder->runSelect()
#4 D:/الترم الخامس/ITPM/Project/smart-campus-portal/vendor/laravel/framework/src/Illuminate/Database/Query/Builder.php(3676): Illuminate/Database/Query/Builder->Illuminate/Database/Query/{closure}()
#5 D:/الترم الخامس/ITPM/Project/smart-campus-portal/vendor/laravel/framework/src/Illuminate/Database/Query/Builder.php(3090): Illuminate/Database/Query/Builder->onceWithColumns(Array, Object(Closure))
#6 D:/الترم الخامس/ITPM/Project/smart-campus-portal/vendor/laravel/framework/src/Illuminate/Database/Concerns/BuildsQueries.php(343): Illuminate/Database/Query/Builder->get(Array)
#7 D:/الترم الخامس/ITPM/Project/smart-campus-portal/vendor/laravel/framework/src/Illuminate/Database/Query/Builder.php(3013): Illuminate/Database/Query/Builder->first(Array)
#8 D:/الترم الخامس/ITPM/Project/smart-campus-portal/vendor/laravel/framework/src/Illuminate/Session/DatabaseSessionHandler.php(97): Illuminate/Database/Query/Builder->find('Bmmqhb91qeQjkIY...')
#9 D:/الترم الخامس/ITPM/Project/smart-campus-portal/vendor/laravel/framework/src/Illuminate/Session/Store.php(117): Illuminate/Session/DatabaseSessionHandler->read('Bmmqhb91qeQjkIY...')
#10 D:/الترم الخامس/ITPM/Project/smart-campus-portal/vendor/laravel/framework/src/Illuminate/Session/Store.php(105): Illuminate/Session/Store->readFromHandler()
#11 D:/الترم الخامس/ITPM/Project/smart-campus-portal/vendor/laravel/framework/src/Illuminate/Session/Store.php(89): Illuminate/Session/Store->loadSession()
#12 D:/الترم الخامس/ITPM/Project/smart-campus-portal/vendor/laravel/framework/src/Illuminate/Session/Middleware/StartSession.php(147): Illuminate/Session/Store->start()
#13 D:/الترم الخامس/ITPM/Project/smart-campus-portal/vendor/laravel/framework/src/Illuminate/Support/helpers.php(399): Illuminate/Session/Middleware/StartSession->Illuminate/Session/Middleware/{closure}(Object(Illuminate/Session/Store))
#14 D:/الترم الخامس/ITPM/Project/smart-campus-portal/vendor/laravel/framework/src/Illuminate/Session/Middleware/StartSession.php(144): tap(Object(Illuminate/Session/Store), Object(Closure))
#15 D:/الترم الخامس/ITPM/Project/smart-campus-portal/vendor/laravel/framework/src/Illuminate/Session/Middleware/StartSession.php(116): Illuminate/Session/Middleware/StartSession->startSession(Object(Illuminate/Http/Request), Object(Illuminate/Session/Store))
#16 D:/الترم الخامس/ITPM/Project/smart-campus-portal/vendor/laravel/framework/src/Illuminate/Session/Middleware/StartSession.php(64): Illuminate/Session/Middleware/StartSession->handleStatefulRequest(Object(Illuminate/Http/Request), Object(Illuminate/Session/Store), Object(Closure))
#17 D:/الترم الخامس/ITPM/Project/smart-campus-portal/vendor/laravel/framework/src/Illuminate/Pipeline/Pipeline.php(209): Illuminate/Session/Middleware/StartSession->handle(Object(Illuminate/Http/Request), Object(Closure))
#18 D:/الترم الخامس/ITPM/Project/smart-campus-portal/vendor/laravel/framework/src/Illuminate/Cookie/Middleware/AddQueuedCookiesToResponse.php(37): Illuminate/Pipeline/Pipeline->Illuminate/Pipeline/{closure}(Object(Illuminate/Http/Request))
#19 D:/الترم الخامس/ITPM/Project/smart-campus-portal/vendor/laravel/framework/src/Illuminate/Pipeline/Pipeline.php(209): Illuminate/Cookie/Middleware/AddQueuedCookiesToResponse->handle(Object(Illuminate/Http/Request), Object(Closure))
#20 D:/الترم الخامس/ITPM/Project/smart-campus-portal/vendor/laravel/framework/src/Illuminate/Cookie/Middleware/EncryptCookies.php(75): Illuminate/Pipeline/Pipeline->Illuminate/Pipeline/{closure}(Object(Illuminate/Http/Request))
#21 D:/الترم الخامس/ITPM/Project/smart-campus-portal/vendor/laravel/framework/src/Illuminate/Pipeline/Pipeline.php(209): Illuminate/Cookie/Middleware/EncryptCookies->handle(Object(Illuminate/Http/Request), Object(Closure))
#22 D:/الترم الخامس/ITPM/Project/smart-campus-portal/vendor/laravel/framework/src/Illuminate/Pipeline/Pipeline.php(127): Illuminate/Pipeline/Pipeline->Illuminate/Pipeline/{closure}(Object(Illuminate/Http/Request))
#23 D:/الترم الخامس/ITPM/Project/smart-campus-portal/vendor/laravel/framework/src/Illuminate/Routing/Router.php(807): Illuminate/Pipeline/Pipeline->then(Object(Closure))
#24 D:/الترم الخامس/ITPM/Project/smart-campus-portal/vendor/laravel/framework/src/Illuminate/Routing/Router.php(786): Illuminate/Routing/Router->runRouteWithinStack(Object(Illuminate/Routing/Route), Object(Illuminate/Http/Request))
#25 D:/الترم الخامس/ITPM/Project/smart-campus-portal/vendor/laravel/framework/src/Illuminate/Routing/Router.php(750): Illuminate/Routing/Router->runRoute(Object(Illuminate/Http/Request), Object(Illuminate/Routing/Route))
#26 D:/الترم الخامس/ITPM/Project/smart-campus-portal/vendor/laravel/framework/src/Illuminate/Routing/Router.php(739): Illuminate/Routing/Router->dispatchToRoute(Object(Illuminate/Http/Request))
#27 D:/الترم الخامس/ITPM/Project/smart-campus-portal/vendor/laravel/framework/src/Illuminate/Foundation/Http/Kernel.php(201): Illuminate/Routing/Router->dispatch(Object(Illuminate/Http/Request))
#28 D:/الترم الخامس/ITPM/Project/smart-campus-portal/vendor/laravel/framework/src/Illuminate/Pipeline/Pipeline.php(170): Illuminate/Foundation/Http/Kernel->Illuminate/Foundation/Http/{closure}(Object(Illuminate/Http/Request))
#29 D:/الترم الخامس/ITPM/Project/smart-campus-portal/vendor/laravel/framework/src/Illuminate/Foundation/Http/Middleware/TransformsRequest.php(21): Illuminate/Pipeline/Pipeline->Illuminate/Pipeline/{closure}(Object(Illuminate/Http/Request))
#30 D:/الترم الخامس/ITPM/Project/smart-campus-portal/vendor/laravel/framework/src/Illuminate/Foundation/Http/Middleware/ConvertEmptyStringsToNull.php(31): Illuminate/Foundation/Http/Middleware/TransformsRequest->handle(Object(Illuminate/Http/Request), Object(Closure))
#31 D:/الترم الخامس/ITPM/Project/smart-campus-portal/vendor/laravel/framework/src/Illuminate/Pipeline/Pipeline.php(209): Illuminate/Foundation/Http/Middleware/ConvertEmptyStringsToNull->handle(Object(Illuminate/Http/Request), Object(Closure))
#32 D:/الترم الخامس/ITPM/Project/smart-campus-portal/vendor/laravel/framework/src/Illuminate/Foundation/Http/Middleware/TransformsRequest.php(21): Illuminate/Pipeline/Pipeline->Illuminate/Pipeline/{closure}(Object(Illuminate/Http/Request))
#33 D:/الترم الخامس/ITPM/Project/smart-campus-portal/vendor/laravel/framework/src/Illuminate/Foundation/Http/Middleware/TrimStrings.php(51): Illuminate/Foundation/Http/Middleware/TransformsRequest->handle(Object(Illuminate/Http/Request), Object(Closure))
#34 D:/الترم الخامس/ITPM/Project/smart-campus-portal/vendor/laravel/framework/src/Illuminate/Pipeline/Pipeline.php(209): Illuminate/Foundation/Http/Middleware/TrimStrings->handle(Object(Illuminate/Http/Request), Object(Closure))
#35 D:/الترم الخامس/ITPM/Project/smart-campus-portal/vendor/laravel/framework/src/Illuminate/Http/Middleware/ValidatePostSize.php(27): Illuminate/Pipeline/Pipeline->Illuminate/Pipeline/{closure}(Object(Illuminate/Http/Request))
#36 D:/الترم الخامس/ITPM/Project/smart-campus-portal/vendor/laravel/framework/src/Illuminate/Pipeline/Pipeline.php(209): Illuminate/Http/Middleware/ValidatePostSize->handle(Object(Illuminate/Http/Request), Object(Closure))
#37 D:/الترم الخامس/ITPM/Project/smart-campus-portal/vendor/laravel/framework/src/Illuminate/Foundation/Http/Middleware/PreventRequestsDuringMaintenance.php(110): Illuminate/Pipeline/Pipeline->Illuminate/Pipeline/{closure}(Object(Illuminate/Http/Request))
#38 D:/الترم الخامس/ITPM/Project/smart-campus-portal/vendor/laravel/framework/src/Illuminate/Pipeline/Pipeline.php(209): Illuminate/Foundation/Http/Middleware/PreventRequestsDuringMaintenance->handle(Object(Illuminate/Http/Request), Object(Closure))
#39 D:/الترم الخامس/ITPM/Project/smart-campus-portal/vendor/laravel/framework/src/Illuminate/Http/Middleware/HandleCors.php(49): Illuminate/Pipeline/Pipeline->Illuminate/Pipeline/{closure}(Object(Illuminate/Http/Request))
#40 D:/الترم الخامس/ITPM/Project/smart-campus-portal/vendor/laravel/framework/src/Illuminate/Pipeline/Pipeline.php(209): Illuminate/Http/Middleware/HandleCors->handle(Object(Illuminate/Http/Request), Object(Closure))
#41 D:/الترم الخامس/ITPM/Project/smart-campus-portal/vendor/laravel/framework/src/Illuminate/Http/Middleware/TrustProxies.php(58): Illuminate/Pipeline/Pipeline->Illuminate/Pipeline/{closure}(Object(Illuminate/Http/Request))
#42 D:/الترم الخامس/ITPM/Project/smart-campus-portal/vendor/laravel/framework/src/Illuminate/Pipeline/Pipeline.php(209): Illuminate/Http/Middleware/TrustProxies->handle(Object(Illuminate/Http/Request), Object(Closure))
#43 D:/الترم الخامس/ITPM/Project/smart-campus-portal/vendor/laravel/framework/src/Illuminate/Foundation/Http/Middleware/InvokeDeferredCallbacks.php(22): Illuminate/Pipeline/Pipeline->Illuminate/Pipeline/{closure}(Object(Illuminate/Http/Request))
#44 D:/الترم الخامس/ITPM/Project/smart-campus-portal/vendor/laravel/framework/src/Illuminate/Pipeline/Pipeline.php(209): Illuminate/Foundation/Http/Middleware/InvokeDeferredCallbacks->handle(Object(Illuminate/Http/Request), Object(Closure))
#45 D:/الترم الخامس/ITPM/Project/smart-campus-portal/vendor/laravel/framework/src/Illuminate/Pipeline/Pipeline.php(127): Illuminate/Pipeline/Pipeline->Illuminate/Pipeline/{closure}(Object(Illuminate/Http/Request))
#46 D:/الترم الخامس/ITPM/Project/smart-campus-portal/vendor/laravel/framework/src/Illuminate/Foundation/Http/Kernel.php(176): Illuminate/Pipeline/Pipeline->then(Object(Closure))
#47 D:/الترم الخامس/ITPM/Project/smart-campus-portal/vendor/laravel/framework/src/Illuminate/Foundation/Http/Kernel.php(145): Illuminate/Foundation/Http/Kernel->sendRequestThroughRouter(Object(Illuminate/Http/Request))
#48 D:/الترم الخامس/ITPM/Project/smart-campus-portal/vendor/laravel/framework/src/Illuminate/Foundation/Application.php(1220): Illuminate/Foundation/Http/Kernel->handle(Object(Illuminate/Http/Request))
#49 D:/الترم الخامس/ITPM/Project/smart-campus-portal/public/index.php(20): Illuminate/Foundation/Application->handleRequest(Object(Illuminate/Http/Request))
#50 D:/الترم الخامس/ITPM/Project/smart-campus-portal/vendor/laravel/framework/src/Illuminate/Foundation/resources/server.php(23): require_once('D:///xD8/xA7/xD9/x84/xD8/xAA/xD8/xB1/xD9/x85 /xD8...')
#51 {main}

[previous exception] [object] (Illuminate\\Database\\SQLiteDatabaseDoesNotExistException(code: 0): Database file at path [D:\\الترم الخامس\\ITPM\\Project\\smart-campus-portal\\database\\database.sqlite] does not exist. Ensure this is an absolute path to the database. at D:/الترم الخامس/ITPM/Project/smart-campus-portal/vendor/laravel/framework/src/Illuminate/Database/Connectors/SQLiteConnector.php:37)
[stacktrace]
#0 D:/الترم الخامس/ITPM/Project/smart-campus-portal/vendor/laravel/framework/src/Illuminate/Database/Connectors/ConnectionFactory.php(224): Illuminate/Database/Connectors/SQLiteConnector->connect(Array)
#1 [internal function]: Illuminate/Database/Connectors/ConnectionFactory->Illuminate/Database/Connectors/{closure}()
#2 D:/الترم الخامس/ITPM/Project/smart-campus-portal/vendor/laravel/framework/src/Illuminate/Database/Connection.php(1231): call_user_func(Object(Closure))
#3 D:/الترم الخامس/ITPM/Project/smart-campus-portal/vendor/laravel/framework/src/Illuminate/Database/Connection.php(512): Illuminate/Database/Connection->getPdo()
#4 D:/الترم الخامس/ITPM/Project/smart-campus-portal/vendor/laravel/framework/src/Illuminate/Database/Connection.php(407): Illuminate/Database/Connection->getPdoForSelect(false)
#5 D:/الترم الخامس/ITPM/Project/smart-campus-portal/vendor/laravel/framework/src/Illuminate/Database/Connection.php(812): Illuminate/Database/Connection->Illuminate/Database/{closure}('select * from \"...', Array)
#6 D:/الترم الخامس/ITPM/Project/smart-campus-portal/vendor/laravel/framework/src/Illuminate/Database/Connection.php(779): Illuminate/Database/Connection->runQueryCallback('select * from \"...', Array, Object(Closure))
#7 D:/الترم الخامس/ITPM/Project/smart-campus-portal/vendor/laravel/framework/src/Illuminate/Database/Connection.php(398): Illuminate/Database/Connection->run('select * from \"...', Array, Object(Closure))
#8 D:/الترم الخامس/ITPM/Project/smart-campus-portal/vendor/laravel/framework/src/Illuminate/Database/Query/Builder.php(3106): Illuminate/Database/Connection->select('select * from \"...', Array, false)
#9 D:/الترم الخامس/ITPM/Project/smart-campus-portal/vendor/laravel/framework/src/Illuminate/Database/Query/Builder.php(3091): Illuminate/Database/Query/Builder->runSelect()
#10 D:/الترم الخامس/ITPM/Project/smart-campus-portal/vendor/laravel/framework/src/Illuminate/Database/Query/Builder.php(3676): Illuminate/Database/Query/Builder->Illuminate/Database/Query/{closure}()
#11 D:/الترم الخامس/ITPM/Project/smart-campus-portal/vendor/laravel/framework/src/Illuminate/Database/Query/Builder.php(3090): Illuminate/Database/Query/Builder->onceWithColumns(Array, Object(Closure))
#12 D:/الترم الخامس/ITPM/Project/smart-campus-portal/vendor/laravel/framework/src/Illuminate/Database/Concerns/BuildsQueries.php(343): Illuminate/Database/Query/Builder->get(Array)
#13 D:/الترم الخامس/ITPM/Project/smart-campus-portal/vendor/laravel/framework/src/Illuminate/Database/Query/Builder.php(3013): Illuminate/Database/Query/Builder->first(Array)
#14 D:/الترم الخامس/ITPM/Project/smart-campus-portal/vendor/laravel/framework/src/Illuminate/Session/DatabaseSessionHandler.php(97): Illuminate/Database/Query/Builder->find('Bmmqhb91qeQjkIY...')
#15 D:/الترم الخامس/ITPM/Project/smart-campus-portal/vendor/laravel/framework/src/Illuminate/Session/Store.php(117): Illuminate/Session/DatabaseSessionHandler->read('Bmmqhb91qeQjkIY...')
#16 D:/الترم الخامس/ITPM/Project/smart-campus-portal/vendor/laravel/framework/src/Illuminate/Session/Store.php(105): Illuminate/Session/Store->readFromHandler()
#17 D:/الترم الخامس/ITPM/Project/smart-campus-portal/vendor/laravel/framework/src/Illuminate/Session/Store.php(89): Illuminate/Session/Store->loadSession()
#18 D:/الترم الخامس/ITPM/Project/smart-campus-portal/vendor/laravel/framework/src/Illuminate/Session/Middleware/StartSession.php(147): Illuminate/Session/Store->start()
#19 D:/الترم الخامس/ITPM/Project/smart-campus-portal/vendor/laravel/framework/src/Illuminate/Support/helpers.php(399): Illuminate/Session/Middleware/StartSession->Illuminate/Session/Middleware/{closure}(Object(Illuminate/Session/Store))
#20 D:/الترم الخامس/ITPM/Project/smart-campus-portal/vendor/laravel/framework/src/Illuminate/Session/Middleware/StartSession.php(144): tap(Object(Illuminate/Session/Store), Object(Closure))
#21 D:/الترم الخامس/ITPM/Project/smart-campus-portal/vendor/laravel/framework/src/Illuminate/Session/Middleware/StartSession.php(116): Illuminate/Session/Middleware/StartSession->startSession(Object(Illuminate/Http/Request), Object(Illuminate/Session/Store))
#22 D:/الترم الخامس/ITPM/Project/smart-campus-portal/vendor/laravel/framework/src/Illuminate/Session/Middleware/StartSession.php(64): Illuminate/Session/Middleware/StartSession->handleStatefulRequest(Object(Illuminate/Http/Request), Object(Illuminate/Session/Store), Object(Closure))
#23 D:/الترم الخامس/ITPM/Project/smart-campus-portal/vendor/laravel/framework/src/Illuminate/Pipeline/Pipeline.php(209): Illuminate/Session/Middleware/StartSession->handle(Object(Illuminate/Http/Request), Object(Closure))
#24 D:/الترم الخامس/ITPM/Project/smart-campus-portal/vendor/laravel/framework/src/Illuminate/Cookie/Middleware/AddQueuedCookiesToResponse.php(37): Illuminate/Pipeline/Pipeline->Illuminate/Pipeline/{closure}(Object(Illuminate/Http/Request))
#25 D:/الترم الخامس/ITPM/Project/smart-campus-portal/vendor/laravel/framework/src/Illuminate/Pipeline/Pipeline.php(209): Illuminate/Cookie/Middleware/AddQueuedCookiesToResponse->handle(Object(Illuminate/Http/Request), Object(Closure))
#26 D:/الترم الخامس/ITPM/Project/smart-campus-portal/vendor/laravel/framework/src/Illuminate/Cookie/Middleware/EncryptCookies.php(75): Illuminate/Pipeline/Pipeline->Illuminate/Pipeline/{closure}(Object(Illuminate/Http/Request))
#27 D:/الترم الخامس/ITPM/Project/smart-campus-portal/vendor/laravel/framework/src/Illuminate/Pipeline/Pipeline.php(209): Illuminate/Cookie/Middleware/EncryptCookies->handle(Object(Illuminate/Http/Request), Object(Closure))
#28 D:/الترم الخامس/ITPM/Project/smart-campus-portal/vendor/laravel/framework/src/Illuminate/Pipeline/Pipeline.php(127): Illuminate/Pipeline/Pipeline->Illuminate/Pipeline/{closure}(Object(Illuminate/Http/Request))
#29 D:/الترم الخامس/ITPM/Project/smart-campus-portal/vendor/laravel/framework/src/Illuminate/Routing/Router.php(807): Illuminate/Pipeline/Pipeline->then(Object(Closure))
#30 D:/الترم الخامس/ITPM/Project/smart-campus-portal/vendor/laravel/framework/src/Illuminate/Routing/Router.php(786): Illuminate/Routing/Router->runRouteWithinStack(Object(Illuminate/Routing/Route), Object(Illuminate/Http/Request))
#31 D:/الترم الخامس/ITPM/Project/smart-campus-portal/vendor/laravel/framework/src/Illuminate/Routing/Router.php(750): Illuminate/Routing/Router->runRoute(Object(Illuminate/Http/Request), Object(Illuminate/Routing/Route))
#32 D:/الترم الخامس/ITPM/Project/smart-campus-portal/vendor/laravel/framework/src/Illuminate/Routing/Router.php(739): Illuminate/Routing/Router->dispatchToRoute(Object(Illuminate/Http/Request))
#33 D:/الترم الخامس/ITPM/Project/smart-campus-portal/vendor/laravel/framework/src/Illuminate/Foundation/Http/Kernel.php(201): Illuminate/Routing/Router->dispatch(Object(Illuminate/Http/Request))
#34 D:/الترم الخامس/ITPM/Project/smart-campus-portal/vendor/laravel/framework/src/Illuminate/Pipeline/Pipeline.php(170): Illuminate/Foundation/Http/Kernel->Illuminate/Foundation/Http/{closure}(Object(Illuminate/Http/Request))
#35 D:/الترم الخامس/ITPM/Project/smart-campus-portal/vendor/laravel/framework/src/Illuminate/Foundation/Http/Middleware/TransformsRequest.php(21): Illuminate/Pipeline/Pipeline->Illuminate/Pipeline/{closure}(Object(Illuminate/Http/Request))
#36 D:/الترم الخامس/ITPM/Project/smart-campus-portal/vendor/laravel/framework/src/Illuminate/Foundation/Http/Middleware/ConvertEmptyStringsToNull.php(31): Illuminate/Foundation/Http/Middleware/TransformsRequest->handle(Object(Illuminate/Http/Request), Object(Closure))
#37 D:/الترم الخامس/ITPM/Project/smart-campus-portal/vendor/laravel/framework/src/Illuminate/Pipeline/Pipeline.php(209): Illuminate/Foundation/Http/Middleware/ConvertEmptyStringsToNull->handle(Object(Illuminate/Http/Request), Object(Closure))
#38 D:/الترم الخامس/ITPM/Project/smart-campus-portal/vendor/laravel/framework/src/Illuminate/Foundation/Http/Middleware/TransformsRequest.php(21): Illuminate/Pipeline/Pipeline->Illuminate/Pipeline/{closure}(Object(Illuminate/Http/Request))
#39 D:/الترم الخامس/ITPM/Project/smart-campus-portal/vendor/laravel/framework/src/Illuminate/Foundation/Http/Middleware/TrimStrings.php(51): Illuminate/Foundation/Http/Middleware/TransformsRequest->handle(Object(Illuminate/Http/Request), Object(Closure))
#40 D:/الترم الخامس/ITPM/Project/smart-campus-portal/vendor/laravel/framework/src/Illuminate/Pipeline/Pipeline.php(209): Illuminate/Foundation/Http/Middleware/TrimStrings->handle(Object(Illuminate/Http/Request), Object(Closure))
#41 D:/الترم الخامس/ITPM/Project/smart-campus-portal/vendor/laravel/framework/src/Illuminate/Http/Middleware/ValidatePostSize.php(27): Illuminate/Pipeline/Pipeline->Illuminate/Pipeline/{closure}(Object(Illuminate/Http/Request))
#42 D:/الترم الخامس/ITPM/Project/smart-campus-portal/vendor/laravel/framework/src/Illuminate/Pipeline/Pipeline.php(209): Illuminate/Http/Middleware/ValidatePostSize->handle(Object(Illuminate/Http/Request), Object(Closure))
#43 D:/الترم الخامس/ITPM/Project/smart-campus-portal/vendor/laravel/framework/src/Illuminate/Foundation/Http/Middleware/PreventRequestsDuringMaintenance.php(110): Illuminate/Pipeline/Pipeline->Illuminate/Pipeline/{closure}(Object(Illuminate/Http/Request))
#44 D:/الترم الخامس/ITPM/Project/smart-campus-portal/vendor/laravel/framework/src/Illuminate/Pipeline/Pipeline.php(209): Illuminate/Foundation/Http/Middleware/PreventRequestsDuringMaintenance->handle(Object(Illuminate/Http/Request), Object(Closure))
#45 D:/الترم الخامس/ITPM/Project/smart-campus-portal/vendor/laravel/framework/src/Illuminate/Http/Middleware/HandleCors.php(49): Illuminate/Pipeline/Pipeline->Illuminate/Pipeline/{closure}(Object(Illuminate/Http/Request))
#46 D:/الترم الخامس/ITPM/Project/smart-campus-portal/vendor/laravel/framework/src/Illuminate/Pipeline/Pipeline.php(209): Illuminate/Http/Middleware/HandleCors->handle(Object(Illuminate/Http/Request), Object(Closure))
#47 D:/الترم الخامس/ITPM/Project/smart-campus-portal/vendor/laravel/framework/src/Illuminate/Http/Middleware/TrustProxies.php(58): Illuminate/Pipeline/Pipeline->Illuminate/Pipeline/{closure}(Object(Illuminate/Http/Request))
#48 D:/الترم الخامس/ITPM/Project/smart-campus-portal/vendor/laravel/framework/src/Illuminate/Pipeline/Pipeline.php(209): Illuminate/Http/Middleware/TrustProxies->handle(Object(Illuminate/Http/Request), Object(Closure))
#49 D:/الترم الخامس/ITPM/Project/smart-campus-portal/vendor/laravel/framework/src/Illuminate/Foundation/Http/Middleware/InvokeDeferredCallbacks.php(22): Illuminate/Pipeline/Pipeline->Illuminate/Pipeline/{closure}(Object(Illuminate/Http/Request))
#50 D:/الترم الخامس/ITPM/Project/smart-campus-portal/vendor/laravel/framework/src/Illuminate/Pipeline/Pipeline.php(209): Illuminate/Foundation/Http/Middleware/InvokeDeferredCallbacks->handle(Object(Illuminate/Http/Request), Object(Closure))
#51 D:/الترم الخامس/ITPM/Project/smart-campus-portal/vendor/laravel/framework/src/Illuminate/Pipeline/Pipeline.php(127): Illuminate/Pipeline/Pipeline->Illuminate/Pipeline/{closure}(Object(Illuminate/Http/Request))
#52 D:/الترم الخامس/ITPM/Project/smart-campus-portal/vendor/laravel/framework/src/Illuminate/Foundation/Http/Kernel.php(176): Illuminate/Pipeline/Pipeline->then(Object(Closure))
#53 D:/الترم الخامس/ITPM/Project/smart-campus-portal/vendor/laravel/framework/src/Illuminate/Foundation/Http/Kernel.php(145): Illuminate/Foundation/Http/Kernel->sendRequestThroughRouter(Object(Illuminate/Http/Request))
#54 D:/الترم الخامس/ITPM/Project/smart-campus-portal/vendor/laravel/framework/src/Illuminate/Foundation/Application.php(1220): Illuminate/Foundation/Http/Kernel->handle(Object(Illuminate/Http/Request))
#55 D:/الترم الخامس/ITPM/Project/smart-campus-portal/public/index.php(20): Illuminate/Foundation/Application->handleRequest(Object(Illuminate/Http/Request))
#56 D:/الترم الخامس/ITPM/Project/smart-campus-portal/vendor/laravel/framework/src/Illuminate/Foundation/resources/server.php(23): require_once('D:///xD8/xA7/xD9/x84/xD8/xAA/xD8/xB1/xD9/x85 /xD8...')
#57 {main}
"} 
[2026-09-20 08:12:45] local.ERROR: SQLSTATE[HY000]: General error: 1 no such table: users (Connection: sqlite, SQL: alter table "users" add column "university_id" varchar) {"exception":"[object] (Illuminate\\Database\\QueryException(code: HY000): SQLSTATE[HY000]: General error: 1 no such table: users (Connection: sqlite, SQL: alter table \"users\" add column \"university_id\" varchar) at D:/الترم الخامس/ITPM/Project/smart-campus-portal/vendor/laravel/framework/src/Illuminate/Database/Connection.php:825)
[stacktrace]
#0 D:/الترم الخامس/ITPM/Project/smart-campus-portal/vendor/laravel/framework/src/Illuminate/Database/Connection.php(779): Illuminate/Database/Connection->runQueryCallback('alter table \"us...', Array, Object(Closure))
#1 D:/الترم الخامس/ITPM/Project/smart-campus-portal/vendor/laravel/framework/src/Illuminate/Database/Connection.php(560): Illuminate/Database/Connection->run('alter table \"us...', Array, Object(Closure))
#2 D:/الترم الخامس/ITPM/Project/smart-campus-portal/vendor/laravel/framework/src/Illuminate/Database/Schema/Blueprint.php(118): Illuminate/Database/Connection->statement('alter table \"us...')
#3 D:/الترم الخامس/ITPM/Project/smart-campus-portal/vendor/laravel/framework/src/Illuminate/Database/Schema/Builder.php(564): Illuminate/Database/Schema/Blueprint->build(Object(Illuminate/Database/SQLiteConnection), Object(Illuminate/Database/Schema/Grammars/SQLiteGrammar))
#4 D:/الترم الخامس/ITPM/Project/smart-campus-portal/vendor/laravel/framework/src/Illuminate/Database/Schema/Builder.php(406): Illuminate/Database/Schema/Builder->build(Object(Illuminate/Database/Schema/Blueprint))
#5 D:/الترم الخامس/ITPM/Project/smart-campus-portal/vendor/laravel/framework/src/Illuminate/Support/Facades/Facade.php(361): Illuminate/Database/Schema/Builder->table('users', Object(Closure))
#6 D:/الترم الخامس/ITPM/Project/smart-campus-portal/database/migrations/2026_09_20_000001_add_university_id_to_users_table.php(11): Illuminate/Support/Facades/Facade::__callStatic('table', Array)
#7 D:/الترم الخامس/ITPM/Project/smart-campus-portal/vendor/laravel/framework/src/Illuminate/Database/Migrations/Migrator.php(507): Illuminate/Database/Migrations/Migration@anonymous->up()
#8 D:/الترم الخامس/ITPM/Project/smart-campus-portal/vendor/laravel/framework/src/Illuminate/Database/Migrations/Migrator.php(432): Illuminate/Database/Migrations/Migrator->runMethod(Object(Illuminate/Database/SQLiteConnection), Object(Illuminate/Database/Migrations/Migration@anonymous), 'up')
#9 D:/الترم الخامس/ITPM/Project/smart-campus-portal/vendor/laravel/framework/src/Illuminate/Database/Migrations/Migrator.php(441): Illuminate/Database/Migrations/Migrator->Illuminate/Database/Migrations/{closure}()
#10 D:/الترم الخامس/ITPM/Project/smart-campus-portal/vendor/laravel/framework/src/Illuminate/Database/Migrations/Migrator.php(244): Illuminate/Database/Migrations/Migrator->runMigration(Object(Illuminate/Database/Migrations/Migration@anonymous), 'up')
#11 D:/الترم الخامس/ITPM/Project/smart-campus-portal/vendor/laravel/framework/src/Illuminate/Console/View/Components/Task.php(40): Illuminate/Database/Migrations/Migrator->Illuminate/Database/Migrations/{closure}()
#12 D:/الترم الخامس/ITPM/Project/smart-campus-portal/vendor/laravel/framework/src/Illuminate/Database/Migrations/Migrator.php(798): Illuminate/Console/View/Components/Task->render('2026_09_20_0000...', Object(Closure))
#13 D:/الترم الخامس/ITPM/Project/smart-campus-portal/vendor/laravel/framework/src/Illuminate/Database/Migrations/Migrator.php(244): Illuminate/Database/Migrations/Migrator->write('Illuminate//Cons...', '2026_09_20_0000...', Object(Closure))
#14 D:/الترم الخامس/ITPM/Project/smart-campus-portal/vendor/laravel/framework/src/Illuminate/Database/Migrations/Migrator.php(211): Illuminate/Database/Migrations/Migrator->runUp('D:///xD8/xA7/xD9/x84/xD8/xAA/xD8/xB1/xD9/x85 /xD8...', 1, false)
#15 D:/الترم الخامس/ITPM/Project/smart-campus-portal/vendor/laravel/framework/src/Illuminate/Database/Migrations/Migrator.php(138): Illuminate/Database/Migrations/Migrator->runPending(Array, Array)
#16 D:/الترم الخامس/ITPM/Project/smart-campus-portal/vendor/laravel/framework/src/Illuminate/Database/Console/Migrations/MigrateCommand.php(117): Illuminate/Database/Migrations/Migrator->run(Array, Array)
#17 D:/الترم الخامس/ITPM/Project/smart-campus-portal/vendor/laravel/framework/src/Illuminate/Database/Migrations/Migrator.php(658): Illuminate/Database/Console/Migrations/MigrateCommand->Illuminate/Database/Console/Migrations/{closure}()
#18 D:/الترم الخامس/ITPM/Project/smart-campus-portal/vendor/laravel/framework/src/Illuminate/Database/Console/Migrations/MigrateCommand.php(110): Illuminate/Database/Migrations/Migrator->usingConnection(NULL, Object(Closure))
#19 D:/الترم الخامس/ITPM/Project/smart-campus-portal/vendor/laravel/framework/src/Illuminate/Database/Console/Migrations/MigrateCommand.php(89): Illuminate/Database/Console/Migrations/MigrateCommand->runMigrations()
#20 D:/الترم الخامس/ITPM/Project/smart-campus-portal/vendor/laravel/framework/src/Illuminate/Container/BoundMethod.php(36): Illuminate/Database/Console/Migrations/MigrateCommand->handle()
#21 D:/الترم الخامس/ITPM/Project/smart-campus-portal/vendor/laravel/framework/src/Illuminate/Container/Util.php(43): Illuminate/Container/BoundMethod::Illuminate/Container/{closure}()
#22 D:/الترم الخامس/ITPM/Project/smart-campus-portal/vendor/laravel/framework/src/Illuminate/Container/BoundMethod.php(95): Illuminate/Container/Util::unwrapIfClosure(Object(Closure))
#23 D:/الترم الخامس/ITPM/Project/smart-campus-portal/vendor/laravel/framework/src/Illuminate/Container/BoundMethod.php(35): Illuminate/Container/BoundMethod::callBoundMethod(Object(Illuminate/Foundation/Application), Array, Object(Closure))
#24 D:/الترم الخامس/ITPM/Project/smart-campus-portal/vendor/laravel/framework/src/Illuminate/Container/Container.php(696): Illuminate/Container/BoundMethod::call(Object(Illuminate/Foundation/Application), Array, Array, NULL)
#25 D:/الترم الخامس/ITPM/Project/smart-campus-portal/vendor/laravel/framework/src/Illuminate/Console/Command.php(213): Illuminate/Container/Container->call(Array)
#26 D:/الترم الخامس/ITPM/Project/smart-campus-portal/vendor/symfony/console/Command/Command.php(341): Illuminate/Console/Command->execute(Object(Symfony/Component/Console/Input/ArgvInput), Object(Illuminate/Console/OutputStyle))
#27 D:/الترم الخامس/ITPM/Project/smart-campus-portal/vendor/laravel/framework/src/Illuminate/Console/Command.php(182): Symfony/Component/Console/Command/Command->run(Object(Symfony/Component/Console/Input/ArgvInput), Object(Illuminate/Console/OutputStyle))
#28 D:/الترم الخامس/ITPM/Project/smart-campus-portal/vendor/symfony/console/Application.php(1117): Illuminate/Console/Command->run(Object(Symfony/Component/Console/Input/ArgvInput), Object(Symfony/Component/Console/Output/ConsoleOutput))
#29 D:/الترم الخامس/ITPM/Project/smart-campus-portal/vendor/symfony/console/Application.php(356): Symfony/Component/Console/Application->doRunCommand(Object(Illuminate/Database/Console/Migrations/MigrateCommand), Object(Symfony/Component/Console/Input/ArgvInput), Object(Symfony/Component/Console/Output/ConsoleOutput))
#30 D:/الترم الخامس/ITPM/Project/smart-campus-portal/vendor/symfony/console/Application.php(195): Symfony/Component/Console/Application->doRun(Object(Symfony/Component/Console/Input/ArgvInput), Object(Symfony/Component/Console/Output/ConsoleOutput))
#31 D:/الترم الخامس/ITPM/Project/smart-campus-portal/vendor/laravel/framework/src/Illuminate/Foundation/Console/Kernel.php(198): Symfony/Component/Console/Application->run(Object(Symfony/Component/Console/Input/ArgvInput), Object(Symfony/Component/Console/Output/ConsoleOutput))
#32 D:/الترم الخامس/ITPM/Project/smart-campus-portal/vendor/laravel/framework/src/Illuminate/Foundation/Application.php(1235): Illuminate/Foundation/Console/Kernel->handle(Object(Symfony/Component/Console/Input/ArgvInput), Object(Symfony/Component/Console/Output/ConsoleOutput))
#33 D:/الترم الخامس/ITPM/Project/smart-campus-portal/artisan(10): Illuminate/Foundation/Application->handleCommand(Object(Symfony/Component/Console/Input/ArgvInput))
#34 {main}

[previous exception] [object] (PDOException(code: HY000): SQLSTATE[HY000]: General error: 1 no such table: users at D:/الترم الخامس/ITPM/Project/smart-campus-portal/vendor/laravel/framework/src/Illuminate/Database/Connection.php:565)
[stacktrace]
#0 D:/الترم الخامس/ITPM/Project/smart-campus-portal/vendor/laravel/framework/src/Illuminate/Database/Connection.php(565): PDO->prepare('alter table \"us...')
#1 D:/الترم الخامس/ITPM/Project/smart-campus-portal/vendor/laravel/framework/src/Illuminate/Database/Connection.php(812): Illuminate/Database/Connection->Illuminate/Database/{closure}('alter table \"us...', Array)
#2 D:/الترم الخامس/ITPM/Project/smart-campus-portal/vendor/laravel/framework/src/Illuminate/Database/Connection.php(779): Illuminate/Database/Connection->runQueryCallback('alter table \"us...', Array, Object(Closure))
#3 D:/الترم الخامس/ITPM/Project/smart-campus-portal/vendor/laravel/framework/src/Illuminate/Database/Connection.php(560): Illuminate/Database/Connection->run('alter table \"us...', Array, Object(Closure))
#4 D:/الترم الخامس/ITPM/Project/smart-campus-portal/vendor/laravel/framework/src/Illuminate/Database/Schema/Blueprint.php(118): Illuminate/Database/Connection->statement('alter table \"us...')
#5 D:/الترم الخامس/ITPM/Project/smart-campus-portal/vendor/laravel/framework/src/Illuminate/Database/Schema/Builder.php(564): Illuminate/Database/Schema/Blueprint->build(Object(Illuminate/Database/SQLiteConnection), Object(Illuminate/Database/Schema/Grammars/SQLiteGrammar))
#6 D:/الترم الخامس/ITPM/Project/smart-campus-portal/vendor/laravel/framework/src/Illuminate/Database/Schema/Builder.php(406): Illuminate/Database/Schema/Builder->build(Object(Illuminate/Database/Schema/Blueprint))
#7 D:/الترم الخامس/ITPM/Project/smart-campus-portal/vendor/laravel/framework/src/Illuminate/Support/Facades/Facade.php(361): Illuminate/Database/Schema/Builder->table('users', Object(Closure))
#8 D:/الترم الخامس/ITPM/Project/smart-campus-portal/database/migrations/2026_09_20_000001_add_university_id_to_users_table.php(11): Illuminate/Support/Facades/Facade::__callStatic('table', Array)
#9 D:/الترم الخامس/ITPM/Project/smart-campus-portal/vendor/laravel/framework/src/Illuminate/Database/Migrations/Migrator.php(507): Illuminate/Database/Migrations/Migration@anonymous->up()
#10 D:/الترم الخامس/ITPM/Project/smart-campus-portal/vendor/laravel/framework/src/Illuminate/Database/Migrations/Migrator.php(432): Illuminate/Database/Migrations/Migrator->runMethod(Object(Illuminate/Database/SQLiteConnection), Object(Illuminate/Database/Migrations/Migration@anonymous), 'up')
#11 D:/الترم الخامس/ITPM/Project/smart-campus-portal/vendor/laravel/framework/src/Illuminate/Database/Migrations/Migrator.php(441): Illuminate/Database/Migrations/Migrator->Illuminate/Database/Migrations/{closure}()
#12 D:/الترم الخامس/ITPM/Project/smart-campus-portal/vendor/laravel/framework/src/Illuminate/Database/Migrations/Migrator.php(244): Illuminate/Database/Migrations/Migrator->runMigration(Object(Illuminate/Database/Migrations/Migration@anonymous), 'up')
#13 D:/الترم الخامس/ITPM/Project/smart-campus-portal/vendor/laravel/framework/src/Illuminate/Console/View/Components/Task.php(40): Illuminate/Database/Migrations/Migrator->Illuminate/Database/Migrations/{closure}()
#14 D:/الترم الخامس/ITPM/Project/smart-campus-portal/vendor/laravel/framework/src/Illuminate/Database/Migrations/Migrator.php(798): Illuminate/Console/View/Components/Task->render('2026_09_20_0000...', Object(Closure))
#15 D:/الترم الخامس/ITPM/Project/smart-campus-portal/vendor/laravel/framework/src/Illuminate/Database/Migrations/Migrator.php(244): Illuminate/Database/Migrations/Migrator->write('Illuminate//Cons...', '2026_09_20_0000...', Object(Closure))
#16 D:/الترم الخامس/ITPM/Project/smart-campus-portal/vendor/laravel/framework/src/Illuminate/Database/Migrations/Migrator.php(211): Illuminate/Database/Migrations/Migrator->runUp('D:///xD8/xA7/xD9/x84/xD8/xAA/xD8/xB1/xD9/x85 /xD8...', 1, false)
#17 D:/الترم الخامس/ITPM/Project/smart-campus-portal/vendor/laravel/framework/src/Illuminate/Database/Migrations/Migrator.php(138): Illuminate/Database/Migrations/Migrator->runPending(Array, Array)
#18 D:/الترم الخامس/ITPM/Project/smart-campus-portal/vendor/laravel/framework/src/Illuminate/Database/Console/Migrations/MigrateCommand.php(117): Illuminate/Database/Migrations/Migrator->run(Array, Array)
#19 D:/الترم الخامس/ITPM/Project/smart-campus-portal/vendor/laravel/framework/src/Illuminate/Database/Migrations/Migrator.php(658): Illuminate/Database/Console/Migrations/MigrateCommand->Illuminate/Database/Console/Migrations/{closure}()
#20 D:/الترم الخامس/ITPM/Project/smart-campus-portal/vendor/laravel/framework/src/Illuminate/Database/Console/Migrations/MigrateCommand.php(110): Illuminate/Database/Migrations/Migrator->usingConnection(NULL, Object(Closure))
#21 D:/الترم الخامس/ITPM/Project/smart-campus-portal/vendor/laravel/framework/src/Illuminate/Database/Console/Migrations/MigrateCommand.php(89): Illuminate/Database/Console/Migrations/MigrateCommand->runMigrations()
#22 D:/الترم الخامس/ITPM/Project/smart-campus-portal/vendor/laravel/framework/src/Illuminate/Container/BoundMethod.php(36): Illuminate/Database/Console/Migrations/MigrateCommand->handle()
#23 D:/الترم الخامس/ITPM/Project/smart-campus-portal/vendor/laravel/framework/src/Illuminate/Container/Util.php(43): Illuminate/Container/BoundMethod::Illuminate/Container/{closure}()
#24 D:/الترم الخامس/ITPM/Project/smart-campus-portal/vendor/laravel/framework/src/Illuminate/Container/BoundMethod.php(95): Illuminate/Container/Util::unwrapIfClosure(Object(Closure))
#25 D:/الترم الخامس/ITPM/Project/smart-campus-portal/vendor/laravel/framework/src/Illuminate/Container/BoundMethod.php(35): Illuminate/Container/BoundMethod::callBoundMethod(Object(Illuminate/Foundation/Application), Array, Object(Closure))
#26 D:/الترم الخامس/ITPM/Project/smart-campus-portal/vendor/laravel/framework/src/Illuminate/Container/Container.php(696): Illuminate/Container/BoundMethod::call(Object(Illuminate/Foundation/Application), Array, Array, NULL)
#27 D:/الترم الخامس/ITPM/Project/smart-campus-portal/vendor/laravel/framework/src/Illuminate/Console/Command.php(213): Illuminate/Container/Container->call(Array)
#28 D:/الترم الخامس/ITPM/Project/smart-campus-portal/vendor/symfony/console/Command/Command.php(341): Illuminate/Console/Command->execute(Object(Symfony/Component/Console/Input/ArgvInput), Object(Illuminate/Console/OutputStyle))
#29 D:/الترم الخامس/ITPM/Project/smart-campus-portal/vendor/laravel/framework/src/Illuminate/Console/Command.php(182): Symfony/Component/Console/Command/Command->run(Object(Symfony/Component/Console/Input/ArgvInput), Object(Illuminate/Console/OutputStyle))
#30 D:/الترم الخامس/ITPM/Project/smart-campus-portal/vendor/symfony/console/Application.php(1117): Illuminate/Console/Command->run(Object(Symfony/Component/Console/Input/ArgvInput), Object(Symfony/Component/Console/Output/ConsoleOutput))
#31 D:/الترم الخامس/ITPM/Project/smart-campus-portal/vendor/symfony/console/Application.php(356): Symfony/Component/Console/Application->doRunCommand(Object(Illuminate/Database/Console/Migrations/MigrateCommand), Object(Symfony/Component/Console/Input/ArgvInput), Object(Symfony/Component/Console/Output/ConsoleOutput))
#32 D:/الترم الخامس/ITPM/Project/smart-campus-portal/vendor/symfony/console/Application.php(195): Symfony/Component/Console/Application->doRun(Object(Symfony/Component/Console/Input/ArgvInput), Object(Symfony/Component/Console/Output/ConsoleOutput))
#33 D:/الترم الخامس/ITPM/Project/smart-campus-portal/vendor/laravel/framework/src/Illuminate/Foundation/Console/Kernel.php(198): Symfony/Component/Console/Application->run(Object(Symfony/Component/Console/Input/ArgvInput), Object(Symfony/Component/Console/Output/ConsoleOutput))
#34 D:/الترم الخامس/ITPM/Project/smart-campus-portal/vendor/laravel/framework/src/Illuminate/Foundation/Application.php(1235): Illuminate/Foundation/Console/Kernel->handle(Object(Symfony/Component/Console/Input/ArgvInput), Object(Symfony/Component/Console/Output/ConsoleOutput))
#35 D:/الترم الخامس/ITPM/Project/smart-campus-portal/artisan(10): Illuminate/Foundation/Application->handleCommand(Object(Symfony/Component/Console/Input/ArgvInput))
#36 {main}
"} 
[2026-09-20 08:13:44] local.ERROR: SQLSTATE[HY000]: General error: 1 no such table: users (Connection: sqlite, SQL: alter table "users" add column "university_id" varchar) {"exception":"[object] (Illuminate\\Database\\QueryException(code: HY000): SQLSTATE[HY000]: General error: 1 no such table: users (Connection: sqlite, SQL: alter table \"users\" add column \"university_id\" varchar) at D:/الترم الخامس/ITPM/Project/smart-campus-portal/vendor/laravel/framework/src/Illuminate/Database/Connection.php:825)
[stacktrace]
#0 D:/الترم الخامس/ITPM/Project/smart-campus-portal/vendor/laravel/framework/src/Illuminate/Database/Connection.php(779): Illuminate/Database/Connection->runQueryCallback('alter table \"us...', Array, Object(Closure))
#1 D:/الترم الخامس/ITPM/Project/smart-campus-portal/vendor/laravel/framework/src/Illuminate/Database/Connection.php(560): Illuminate/Database/Connection->run('alter table \"us...', Array, Object(Closure))
#2 D:/الترم الخامس/ITPM/Project/smart-campus-portal/vendor/laravel/framework/src/Illuminate/Database/Schema/Blueprint.php(118): Illuminate/Database/Connection->statement('alter table \"us...')
#3 D:/الترم الخامس/ITPM/Project/smart-campus-portal/vendor/laravel/framework/src/Illuminate/Database/Schema/Builder.php(564): Illuminate/Database/Schema/Blueprint->build(Object(Illuminate/Database/SQLiteConnection), Object(Illuminate/Database/Schema/Grammars/SQLiteGrammar))
#4 D:/الترم الخامس/ITPM/Project/smart-campus-portal/vendor/laravel/framework/src/Illuminate/Database/Schema/Builder.php(406): Illuminate/Database/Schema/Builder->build(Object(Illuminate/Database/Schema/Blueprint))
#5 D:/الترم الخامس/ITPM/Project/smart-campus-portal/vendor/laravel/framework/src/Illuminate/Support/Facades/Facade.php(361): Illuminate/Database/Schema/Builder->table('users', Object(Closure))
#6 D:/الترم الخامس/ITPM/Project/smart-campus-portal/database/migrations/2026_09_20_000001_add_university_id_to_users_table.php(11): Illuminate/Support/Facades/Facade::__callStatic('table', Array)
#7 D:/الترم الخامس/ITPM/Project/smart-campus-portal/vendor/laravel/framework/src/Illuminate/Database/Migrations/Migrator.php(507): Illuminate/Database/Migrations/Migration@anonymous->up()
#8 D:/الترم الخامس/ITPM/Project/smart-campus-portal/vendor/laravel/framework/src/Illuminate/Database/Migrations/Migrator.php(432): Illuminate/Database/Migrations/Migrator->runMethod(Object(Illuminate/Database/SQLiteConnection), Object(Illuminate/Database/Migrations/Migration@anonymous), 'up')
#9 D:/الترم الخامس/ITPM/Project/smart-campus-portal/vendor/laravel/framework/src/Illuminate/Database/Migrations/Migrator.php(441): Illuminate/Database/Migrations/Migrator->Illuminate/Database/Migrations/{closure}()
#10 D:/الترم الخامس/ITPM/Project/smart-campus-portal/vendor/laravel/framework/src/Illuminate/Database/Migrations/Migrator.php(244): Illuminate/Database/Migrations/Migrator->runMigration(Object(Illuminate/Database/Migrations/Migration@anonymous), 'up')
#11 D:/الترم الخامس/ITPM/Project/smart-campus-portal/vendor/laravel/framework/src/Illuminate/Console/View/Components/Task.php(40): Illuminate/Database/Migrations/Migrator->Illuminate/Database/Migrations/{closure}()
#12 D:/الترم الخامس/ITPM/Project/smart-campus-portal/vendor/laravel/framework/src/Illuminate/Database/Migrations/Migrator.php(798): Illuminate/Console/View/Components/Task->render('2026_09_20_0000...', Object(Closure))
#13 D:/الترم الخامس/ITPM/Project/smart-campus-portal/vendor/laravel/framework/src/Illuminate/Database/Migrations/Migrator.php(244): Illuminate/Database/Migrations/Migrator->write('Illuminate//Cons...', '2026_09_20_0000...', Object(Closure))
#14 D:/الترم الخامس/ITPM/Project/smart-campus-portal/vendor/laravel/framework/src/Illuminate/Database/Migrations/Migrator.php(211): Illuminate/Database/Migrations/Migrator->runUp('D:///xD8/xA7/xD9/x84/xD8/xAA/xD8/xB1/xD9/x85 /xD8...', 1, false)
#15 D:/الترم الخامس/ITPM/Project/smart-campus-portal/vendor/laravel/framework/src/Illuminate/Database/Migrations/Migrator.php(138): Illuminate/Database/Migrations/Migrator->runPending(Array, Array)
#16 D:/الترم الخامس/ITPM/Project/smart-campus-portal/vendor/laravel/framework/src/Illuminate/Database/Console/Migrations/MigrateCommand.php(117): Illuminate/Database/Migrations/Migrator->run(Array, Array)
#17 D:/الترم الخامس/ITPM/Project/smart-campus-portal/vendor/laravel/framework/src/Illuminate/Database/Migrations/Migrator.php(658): Illuminate/Database/Console/Migrations/MigrateCommand->Illuminate/Database/Console/Migrations/{closure}()
#18 D:/الترم الخامس/ITPM/Project/smart-campus-portal/vendor/laravel/framework/src/Illuminate/Database/Console/Migrations/MigrateCommand.php(110): Illuminate/Database/Migrations/Migrator->usingConnection(NULL, Object(Closure))
#19 D:/الترم الخامس/ITPM/Project/smart-campus-portal/vendor/laravel/framework/src/Illuminate/Database/Console/Migrations/MigrateCommand.php(89): Illuminate/Database/Console/Migrations/MigrateCommand->runMigrations()
#20 D:/الترم الخامس/ITPM/Project/smart-campus-portal/vendor/laravel/framework/src/Illuminate/Container/BoundMethod.php(36): Illuminate/Database/Console/Migrations/MigrateCommand->handle()
#21 D:/الترم الخامس/ITPM/Project/smart-campus-portal/vendor/laravel/framework/src/Illuminate/Container/Util.php(43): Illuminate/Container/BoundMethod::Illuminate/Container/{closure}()
#22 D:/الترم الخامس/ITPM/Project/smart-campus-portal/vendor/laravel/framework/src/Illuminate/Container/BoundMethod.php(95): Illuminate/Container/Util::unwrapIfClosure(Object(Closure))
#23 D:/الترم الخامس/ITPM/Project/smart-campus-portal/vendor/laravel/framework/src/Illuminate/Container/BoundMethod.php(35): Illuminate/Container/BoundMethod::callBoundMethod(Object(Illuminate/Foundation/Application), Array, Object(Closure))
#24 D:/الترم الخامس/ITPM/Project/smart-campus-portal/vendor/laravel/framework/src/Illuminate/Container/Container.php(696): Illuminate/Container/BoundMethod::call(Object(Illuminate/Foundation/Application), Array, Array, NULL)
#25 D:/الترم الخامس/ITPM/Project/smart-campus-portal/vendor/laravel/framework/src/Illuminate/Console/Command.php(213): Illuminate/Container/Container->call(Array)
#26 D:/الترم الخامس/ITPM/Project/smart-campus-portal/vendor/symfony/console/Command/Command.php(341): Illuminate/Console/Command->execute(Object(Symfony/Component/Console/Input/ArrayInput), Object(Illuminate/Console/OutputStyle))
#27 D:/الترم الخامس/ITPM/Project/smart-campus-portal/vendor/laravel/framework/src/Illuminate/Console/Command.php(182): Symfony/Component/Console/Command/Command->run(Object(Symfony/Component/Console/Input/ArrayInput), Object(Illuminate/Console/OutputStyle))
#28 D:/الترم الخامس/ITPM/Project/smart-campus-portal/vendor/laravel/framework/src/Illuminate/Console/Concerns/CallsCommands.php(68): Illuminate/Console/Command->run(Object(Symfony/Component/Console/Input/ArrayInput), Object(Illuminate/Console/OutputStyle))
#29 D:/الترم الخامس/ITPM/Project/smart-campus-portal/vendor/laravel/framework/src/Illuminate/Console/Concerns/CallsCommands.php(29): Illuminate/Console/Command->runCommand('migrate', Array, Object(Illuminate/Console/OutputStyle))
#30 D:/الترم الخامس/ITPM/Project/smart-campus-portal/vendor/laravel/framework/src/Illuminate/Database/Console/Migrations/FreshCommand.php(82): Illuminate/Console/Command->call('migrate', Array)
#31 D:/الترم الخامس/ITPM/Project/smart-campus-portal/vendor/laravel/framework/src/Illuminate/Container/BoundMethod.php(36): Illuminate/Database/Console/Migrations/FreshCommand->handle()
#32 D:/الترم الخامس/ITPM/Project/smart-campus-portal/vendor/laravel/framework/src/Illuminate/Container/Util.php(43): Illuminate/Container/BoundMethod::Illuminate/Container/{closure}()
#33 D:/الترم الخامس/ITPM/Project/smart-campus-portal/vendor/laravel/framework/src/Illuminate/Container/BoundMethod.php(95): Illuminate/Container/Util::unwrapIfClosure(Object(Closure))
#34 D:/الترم الخامس/ITPM/Project/smart-campus-portal/vendor/laravel/framework/src/Illuminate/Container/BoundMethod.php(35): Illuminate/Container/BoundMethod::callBoundMethod(Object(Illuminate/Foundation/Application), Array, Object(Closure))
#35 D:/الترم الخامس/ITPM/Project/smart-campus-portal/vendor/laravel/framework/src/Illuminate/Container/Container.php(696): Illuminate/Container/BoundMethod::call(Object(Illuminate/Foundation/Application), Array, Array, NULL)
#36 D:/الترم الخامس/ITPM/Project/smart-campus-portal/vendor/laravel/framework/src/Illuminate/Console/Command.php(213): Illuminate/Container/Container->call(Array)
#37 D:/الترم الخامس/ITPM/Project/smart-campus-portal/vendor/symfony/console/Command/Command.php(341): Illuminate/Console/Command->execute(Object(Symfony/Component/Console/Input/ArgvInput), Object(Illuminate/Console/OutputStyle))
#38 D:/الترم الخامس/ITPM/Project/smart-campus-portal/vendor/laravel/framework/src/Illuminate/Console/Command.php(182): Symfony/Component/Console/Command/Command->run(Object(Symfony/Component/Console/Input/ArgvInput), Object(Illuminate/Console/OutputStyle))
#39 D:/الترم الخامس/ITPM/Project/smart-campus-portal/vendor/symfony/console/Application.php(1117): Illuminate/Console/Command->run(Object(Symfony/Component/Console/Input/ArgvInput), Object(Symfony/Component/Console/Output/ConsoleOutput))
#40 D:/الترم الخامس/ITPM/Project/smart-campus-portal/vendor/symfony/console/Application.php(356): Symfony/Component/Console/Application->doRunCommand(Object(Illuminate/Database/Console/Migrations/FreshCommand), Object(Symfony/Component/Console/Input/ArgvInput), Object(Symfony/Component/Console/Output/ConsoleOutput))
#41 D:/الترم الخامس/ITPM/Project/smart-campus-portal/vendor/symfony/console/Application.php(195): Symfony/Component/Console/Application->doRun(Object(Symfony/Component/Console/Input/ArgvInput), Object(Symfony/Component/Console/Output/ConsoleOutput))
#42 D:/الترم الخامس/ITPM/Project/smart-campus-portal/vendor/laravel/framework/src/Illuminate/Foundation/Console/Kernel.php(198): Symfony/Component/Console/Application->run(Object(Symfony/Component/Console/Input/ArgvInput), Object(Symfony/Component/Console/Output/ConsoleOutput))
#43 D:/الترم الخامس/ITPM/Project/smart-campus-portal/vendor/laravel/framework/src/Illuminate/Foundation/Application.php(1235): Illuminate/Foundation/Console/Kernel->handle(Object(Symfony/Component/Console/Input/ArgvInput), Object(Symfony/Component/Console/Output/ConsoleOutput))
#44 D:/الترم الخامس/ITPM/Project/smart-campus-portal/artisan(10): Illuminate/Foundation/Application->handleCommand(Object(Symfony/Component/Console/Input/ArgvInput))
#45 {main}

[previous exception] [object] (PDOException(code: HY000): SQLSTATE[HY000]: General error: 1 no such table: users at D:/الترم الخامس/ITPM/Project/smart-campus-portal/vendor/laravel/framework/src/Illuminate/Database/Connection.php:565)
[stacktrace]
#0 D:/الترم الخامس/ITPM/Project/smart-campus-portal/vendor/laravel/framework/src/Illuminate/Database/Connection.php(565): PDO->prepare('alter table \"us...')
#1 D:/الترم الخامس/ITPM/Project/smart-campus-portal/vendor/laravel/framework/src/Illuminate/Database/Connection.php(812): Illuminate/Database/Connection->Illuminate/Database/{closure}('alter table \"us...', Array)
#2 D:/الترم الخامس/ITPM/Project/smart-campus-portal/vendor/laravel/framework/src/Illuminate/Database/Connection.php(779): Illuminate/Database/Connection->runQueryCallback('alter table \"us...', Array, Object(Closure))
#3 D:/الترم الخامس/ITPM/Project/smart-campus-portal/vendor/laravel/framework/src/Illuminate/Database/Connection.php(560): Illuminate/Database/Connection->run('alter table \"us...', Array, Object(Closure))
#4 D:/الترم الخامس/ITPM/Project/smart-campus-portal/vendor/laravel/framework/src/Illuminate/Database/Schema/Blueprint.php(118): Illuminate/Database/Connection->statement('alter table \"us...')
#5 D:/الترم الخامس/ITPM/Project/smart-campus-portal/vendor/laravel/framework/src/Illuminate/Database/Schema/Builder.php(564): Illuminate/Database/Schema/Blueprint->build(Object(Illuminate/Database/SQLiteConnection), Object(Illuminate/Database/Schema/Grammars/SQLiteGrammar))
#6 D:/الترم الخامس/ITPM/Project/smart-campus-portal/vendor/laravel/framework/src/Illuminate/Database/Schema/Builder.php(406): Illuminate/Database/Schema/Builder->build(Object(Illuminate/Database/Schema/Blueprint))
#7 D:/الترم الخامس/ITPM/Project/smart-campus-portal/vendor/laravel/framework/src/Illuminate/Support/Facades/Facade.php(361): Illuminate/Database/Schema/Builder->table('users', Object(Closure))
#8 D:/الترم الخامس/ITPM/Project/smart-campus-portal/database/migrations/2026_09_20_000001_add_university_id_to_users_table.php(11): Illuminate/Support/Facades/Facade::__callStatic('table', Array)
#9 D:/الترم الخامس/ITPM/Project/smart-campus-portal/vendor/laravel/framework/src/Illuminate/Database/Migrations/Migrator.php(507): Illuminate/Database/Migrations/Migration@anonymous->up()
#10 D:/الترم الخامس/ITPM/Project/smart-campus-portal/vendor/laravel/framework/src/Illuminate/Database/Migrations/Migrator.php(432): Illuminate/Database/Migrations/Migrator->runMethod(Object(Illuminate/Database/SQLiteConnection), Object(Illuminate/Database/Migrations/Migration@anonymous), 'up')
#11 D:/الترم الخامس/ITPM/Project/smart-campus-portal/vendor/laravel/framework/src/Illuminate/Database/Migrations/Migrator.php(441): Illuminate/Database/Migrations/Migrator->Illuminate/Database/Migrations/{closure}()
#12 D:/الترم الخامس/ITPM/Project/smart-campus-portal/vendor/laravel/framework/src/Illuminate/Database/Migrations/Migrator.php(244): Illuminate/Database/Migrations/Migrator->runMigration(Object(Illuminate/Database/Migrations/Migration@anonymous), 'up')
#13 D:/الترم الخامس/ITPM/Project/smart-campus-portal/vendor/laravel/framework/src/Illuminate/Console/View/Components/Task.php(40): Illuminate/Database/Migrations/Migrator->Illuminate/Database/Migrations/{closure}()
#14 D:/الترم الخامس/ITPM/Project/smart-campus-portal/vendor/laravel/framework/src/Illuminate/Database/Migrations/Migrator.php(798): Illuminate/Console/View/Components/Task->render('2026_09_20_0000...', Object(Closure))
#15 D:/الترم الخامس/ITPM/Project/smart-campus-portal/vendor/laravel/framework/src/Illuminate/Database/Migrations/Migrator.php(244): Illuminate/Database/Migrations/Migrator->write('Illuminate//Cons...', '2026_09_20_0000...', Object(Closure))
#16 D:/الترم الخامس/ITPM/Project/smart-campus-portal/vendor/laravel/framework/src/Illuminate/Database/Migrations/Migrator.php(211): Illuminate/Database/Migrations/Migrator->runUp('D:///xD8/xA7/xD9/x84/xD8/xAA/xD8/xB1/xD9/x85 /xD8...', 1, false)
#17 D:/الترم الخامس/ITPM/Project/smart-campus-portal/vendor/laravel/framework/src/Illuminate/Database/Migrations/Migrator.php(138): Illuminate/Database/Migrations/Migrator->runPending(Array, Array)
#18 D:/الترم الخامس/ITPM/Project/smart-campus-portal/vendor/laravel/framework/src/Illuminate/Database/Console/Migrations/MigrateCommand.php(117): Illuminate/Database/Migrations/Migrator->run(Array, Array)
#19 D:/الترم الخامس/ITPM/Project/smart-campus-portal/vendor/laravel/framework/src/Illuminate/Database/Migrations/Migrator.php(658): Illuminate/Database/Console/Migrations/MigrateCommand->Illuminate/Database/Console/Migrations/{closure}()
#20 D:/الترم الخامس/ITPM/Project/smart-campus-portal/vendor/laravel/framework/src/Illuminate/Database/Console/Migrations/MigrateCommand.php(110): Illuminate/Database/Migrations/Migrator->usingConnection(NULL, Object(Closure))
#21 D:/الترم الخامس/ITPM/Project/smart-campus-portal/vendor/laravel/framework/src/Illuminate/Database/Console/Migrations/MigrateCommand.php(89): Illuminate/Database/Console/Migrations/MigrateCommand->runMigrations()
#22 D:/الترم الخامس/ITPM/Project/smart-campus-portal/vendor/laravel/framework/src/Illuminate/Container/BoundMethod.php(36): Illuminate/Database/Console/Migrations/MigrateCommand->handle()
#23 D:/الترم الخامس/ITPM/Project/smart-campus-portal/vendor/laravel/framework/src/Illuminate/Container/Util.php(43): Illuminate/Container/BoundMethod::Illuminate/Container/{closure}()
#24 D:/الترم الخامس/ITPM/Project/smart-campus-portal/vendor/laravel/framework/src/Illuminate/Container/BoundMethod.php(95): Illuminate/Container/Util::unwrapIfClosure(Object(Closure))
#25 D:/الترم الخامس/ITPM/Project/smart-campus-portal/vendor/laravel/framework/src/Illuminate/Container/BoundMethod.php(35): Illuminate/Container/BoundMethod::callBoundMethod(Object(Illuminate/Foundation/Application), Array, Object(Closure))
#26 D:/الترم الخامس/ITPM/Project/smart-campus-portal/vendor/laravel/framework/src/Illuminate/Container/Container.php(696): Illuminate/Container/BoundMethod::call(Object(Illuminate/Foundation/Application), Array, Array, NULL)
#27 D:/الترم الخامس/ITPM/Project/smart-campus-portal/vendor/laravel/framework/src/Illuminate/Console/Command.php(213): Illuminate/Container/Container->call(Array)
#28 D:/الترم الخامس/ITPM/Project/smart-campus-portal/vendor/symfony/console/Command/Command.php(341): Illuminate/Console/Command->execute(Object(Symfony/Component/Console/Input/ArrayInput), Object(Illuminate/Console/OutputStyle))
#29 D:/الترم الخامس/ITPM/Project/smart-campus-portal/vendor/laravel/framework/src/Illuminate/Console/Command.php(182): Symfony/Component/Console/Command/Command->run(Object(Symfony/Component/Console/Input/ArrayInput), Object(Illuminate/Console/OutputStyle))
#30 D:/الترم الخامس/ITPM/Project/smart-campus-portal/vendor/laravel/framework/src/Illuminate/Console/Concerns/CallsCommands.php(68): Illuminate/Console/Command->run(Object(Symfony/Component/Console/Input/ArrayInput), Object(Illuminate/Console/OutputStyle))
#31 D:/الترم الخامس/ITPM/Project/smart-campus-portal/vendor/laravel/framework/src/Illuminate/Console/Concerns/CallsCommands.php(29): Illuminate/Console/Command->runCommand('migrate', Array, Object(Illuminate/Console/OutputStyle))
#32 D:/الترم الخامس/ITPM/Project/smart-campus-portal/vendor/laravel/framework/src/Illuminate/Database/Console/Migrations/FreshCommand.php(82): Illuminate/Console/Command->call('migrate', Array)
#33 D:/الترم الخامس/ITPM/Project/smart-campus-portal/vendor/laravel/framework/src/Illuminate/Container/BoundMethod.php(36): Illuminate/Database/Console/Migrations/FreshCommand->handle()
#34 D:/الترم الخامس/ITPM/Project/smart-campus-portal/vendor/laravel/framework/src/Illuminate/Container/Util.php(43): Illuminate/Container/BoundMethod::Illuminate/Container/{closure}()
#35 D:/الترم الخامس/ITPM/Project/smart-campus-portal/vendor/laravel/framework/src/Illuminate/Container/BoundMethod.php(95): Illuminate/Container/Util::unwrapIfClosure(Object(Closure))
#36 D:/الترم الخامس/ITPM/Project/smart-campus-portal/vendor/laravel/framework/src/Illuminate/Container/BoundMethod.php(35): Illuminate/Container/BoundMethod::callBoundMethod(Object(Illuminate/Foundation/Application), Array, Object(Closure))
#37 D:/الترم الخامس/ITPM/Project/smart-campus-portal/vendor/laravel/framework/src/Illuminate/Container/Container.php(696): Illuminate/Container/BoundMethod::call(Object(Illuminate/Foundation/Application), Array, Array, NULL)
#38 D:/الترم الخامس/ITPM/Project/smart-campus-portal/vendor/laravel/framework/src/Illuminate/Console/Command.php(213): Illuminate/Container/Container->call(Array)
#39 D:/الترم الخامس/ITPM/Project/smart-campus-portal/vendor/symfony/console/Command/Command.php(341): Illuminate/Console/Command->execute(Object(Symfony/Component/Console/Input/ArgvInput), Object(Illuminate/Console/OutputStyle))
#40 D:/الترم الخامس/ITPM/Project/smart-campus-portal/vendor/laravel/framework/src/Illuminate/Console/Command.php(182): Symfony/Component/Console/Command/Command->run(Object(Symfony/Component/Console/Input/ArgvInput), Object(Illuminate/Console/OutputStyle))
#41 D:/الترم الخامس/ITPM/Project/smart-campus-portal/vendor/symfony/console/Application.php(1117): Illuminate/Console/Command->run(Object(Symfony/Component/Console/Input/ArgvInput), Object(Symfony/Component/Console/Output/ConsoleOutput))
#42 D:/الترم الخامس/ITPM/Project/smart-campus-portal/vendor/symfony/console/Application.php(356): Symfony/Component/Console/Application->doRunCommand(Object(Illuminate/Database/Console/Migrations/FreshCommand), Object(Symfony/Component/Console/Input/ArgvInput), Object(Symfony/Component/Console/Output/ConsoleOutput))
#43 D:/الترم الخامس/ITPM/Project/smart-campus-portal/vendor/symfony/console/Application.php(195): Symfony/Component/Console/Application->doRun(Object(Symfony/Component/Console/Input/ArgvInput), Object(Symfony/Component/Console/Output/ConsoleOutput))
#44 D:/الترم الخامس/ITPM/Project/smart-campus-portal/vendor/laravel/framework/src/Illuminate/Foundation/Console/Kernel.php(198): Symfony/Component/Console/Application->run(Object(Symfony/Component/Console/Input/ArgvInput), Object(Symfony/Component/Console/Output/ConsoleOutput))
#45 D:/الترم الخامس/ITPM/Project/smart-campus-portal/vendor/laravel/framework/src/Illuminate/Foundation/Application.php(1235): Illuminate/Foundation/Console/Kernel->handle(Object(Symfony/Component/Console/Input/ArgvInput), Object(Symfony/Component/Console/Output/ConsoleOutput))
#46 D:/الترم الخامس/ITPM/Project/smart-campus-portal/artisan(10): Illuminate/Foundation/Application->handleCommand(Object(Symfony/Component/Console/Input/ArgvInput))
#47 {main}
"} 
[2026-09-20 08:16:23] local.ERROR: Class "App\Http\Controllers\Controller" not found {"exception":"[object] (Error(code: 0): Class \"App\\Http\\Controllers\\Controller\" not found at D:/الترم الخامس/ITPM/Project/smart-campus-portal/app/Http/Controllers/Auth/SSOController.php:16)
[stacktrace]
#0 D:/الترم الخامس/ITPM/Project/smart-campus-portal/vendor/composer/ClassLoader.php(576): include()
#1 D:/الترم الخامس/ITPM/Project/smart-campus-portal/vendor/composer/ClassLoader.php(427): Composer/Autoload/{closure}('D:///xD8/xA7/xD9/x84/xD8/xAA/xD8/xB1/xD9/x85 /xD8...')
#2 [internal function]: Composer/Autoload/ClassLoader->loadClass('App//Http//Contro...')
#3 D:/الترم الخامس/ITPM/Project/smart-campus-portal/vendor/laravel/framework/src/Illuminate/Routing/Route.php(1117): is_a('App//Http//Contro...', 'Illuminate//Rout...', true)
#4 D:/الترم الخامس/ITPM/Project/smart-campus-portal/vendor/laravel/framework/src/Illuminate/Routing/Route.php(1054): Illuminate/Routing/Route->controllerMiddleware()
#5 D:/الترم الخامس/ITPM/Project/smart-campus-portal/vendor/laravel/framework/src/Illuminate/Routing/Router.php(820): Illuminate/Routing/Route->gatherMiddleware()
#6 D:/الترم الخامس/ITPM/Project/smart-campus-portal/vendor/laravel/framework/src/Illuminate/Routing/Router.php(802): Illuminate/Routing/Router->gatherRouteMiddleware(Object(Illuminate/Routing/Route))
#7 D:/الترم الخامس/ITPM/Project/smart-campus-portal/vendor/laravel/framework/src/Illuminate/Routing/Router.php(786): Illuminate/Routing/Router->runRouteWithinStack(Object(Illuminate/Routing/Route), Object(Illuminate/Http/Request))
#8 D:/الترم الخامس/ITPM/Project/smart-campus-portal/vendor/laravel/framework/src/Illuminate/Routing/Router.php(750): Illuminate/Routing/Router->runRoute(Object(Illuminate/Http/Request), Object(Illuminate/Routing/Route))
#9 D:/الترم الخامس/ITPM/Project/smart-campus-portal/vendor/laravel/framework/src/Illuminate/Routing/Router.php(739): Illuminate/Routing/Router->dispatchToRoute(Object(Illuminate/Http/Request))
#10 D:/الترم الخامس/ITPM/Project/smart-campus-portal/vendor/laravel/framework/src/Illuminate/Foundation/Http/Kernel.php(201): Illuminate/Routing/Router->dispatch(Object(Illuminate/Http/Request))
#11 D:/الترم الخامس/ITPM/Project/smart-campus-portal/vendor/laravel/framework/src/Illuminate/Pipeline/Pipeline.php(170): Illuminate/Foundation/Http/Kernel->Illuminate/Foundation/Http/{closure}(Object(Illuminate/Http/Request))
#12 D:/الترم الخامس/ITPM/Project/smart-campus-portal/vendor/laravel/framework/src/Illuminate/Foundation/Http/Middleware/TransformsRequest.php(21): Illuminate/Pipeline/Pipeline->Illuminate/Pipeline/{closure}(Object(Illuminate/Http/Request))
#13 D:/الترم الخامس/ITPM/Project/smart-campus-portal/vendor/laravel/framework/src/Illuminate/Foundation/Http/Middleware/ConvertEmptyStringsToNull.php(31): Illuminate/Foundation/Http/Middleware/TransformsRequest->handle(Object(Illuminate/Http/Request), Object(Closure))
#14 D:/الترم الخامس/ITPM/Project/smart-campus-portal/vendor/laravel/framework/src/Illuminate/Pipeline/Pipeline.php(209): Illuminate/Foundation/Http/Middleware/ConvertEmptyStringsToNull->handle(Object(Illuminate/Http/Request), Object(Closure))
#15 D:/الترم الخامس/ITPM/Project/smart-campus-portal/vendor/laravel/framework/src/Illuminate/Foundation/Http/Middleware/TransformsRequest.php(21): Illuminate/Pipeline/Pipeline->Illuminate/Pipeline/{closure}(Object(Illuminate/Http/Request))
#16 D:/الترم الخامس/ITPM/Project/smart-campus-portal/vendor/laravel/framework/src/Illuminate/Foundation/Http/Middleware/TrimStrings.php(51): Illuminate/Foundation/Http/Middleware/TransformsRequest->handle(Object(Illuminate/Http/Request), Object(Closure))
#17 D:/الترم الخامس/ITPM/Project/smart-campus-portal/vendor/laravel/framework/src/Illuminate/Pipeline/Pipeline.php(209): Illuminate/Foundation/Http/Middleware/TrimStrings->handle(Object(Illuminate/Http/Request), Object(Closure))
#18 D:/الترم الخامس/ITPM/Project/smart-campus-portal/vendor/laravel/framework/src/Illuminate/Http/Middleware/ValidatePostSize.php(27): Illuminate/Pipeline/Pipeline->Illuminate/Pipeline/{closure}(Object(Illuminate/Http/Request))
#19 D:/الترم الخامس/ITPM/Project/smart-campus-portal/vendor/laravel/framework/src/Illuminate/Pipeline/Pipeline.php(209): Illuminate/Http/Middleware/ValidatePostSize->handle(Object(Illuminate/Http/Request), Object(Closure))
#20 D:/الترم الخامس/ITPM/Project/smart-campus-portal/vendor/laravel/framework/src/Illuminate/Foundation/Http/Middleware/PreventRequestsDuringMaintenance.php(110): Illuminate/Pipeline/Pipeline->Illuminate/Pipeline/{closure}(Object(Illuminate/Http/Request))
#21 D:/الترم الخامس/ITPM/Project/smart-campus-portal/vendor/laravel/framework/src/Illuminate/Pipeline/Pipeline.php(209): Illuminate/Foundation/Http/Middleware/PreventRequestsDuringMaintenance->handle(Object(Illuminate/Http/Request), Object(Closure))
#22 D:/الترم الخامس/ITPM/Project/smart-campus-portal/vendor/laravel/framework/src/Illuminate/Http/Middleware/HandleCors.php(49): Illuminate/Pipeline/Pipeline->Illuminate/Pipeline/{closure}(Object(Illuminate/Http/Request))
#23 D:/الترم الخامس/ITPM/Project/smart-campus-portal/vendor/laravel/framework/src/Illuminate/Pipeline/Pipeline.php(209): Illuminate/Http/Middleware/HandleCors->handle(Object(Illuminate/Http/Request), Object(Closure))
#24 D:/الترم الخامس/ITPM/Project/smart-campus-portal/vendor/laravel/framework/src/Illuminate/Http/Middleware/TrustProxies.php(58): Illuminate/Pipeline/Pipeline->Illuminate/Pipeline/{closure}(Object(Illuminate/Http/Request))
#25 D:/الترم الخامس/ITPM/Project/smart-campus-portal/vendor/laravel/framework/src/Illuminate/Pipeline/Pipeline.php(209): Illuminate/Http/Middleware/TrustProxies->handle(Object(Illuminate/Http/Request), Object(Closure))
#26 D:/الترم الخامس/ITPM/Project/smart-campus-portal/vendor/laravel/framework/src/Illuminate/Foundation/Http/Middleware/InvokeDeferredCallbacks.php(22): Illuminate/Pipeline/Pipeline->Illuminate/Pipeline/{closure}(Object(Illuminate/Http/Request))
#27 D:/الترم الخامس/ITPM/Project/smart-campus-portal/vendor/laravel/framework/src/Illuminate/Pipeline/Pipeline.php(209): Illuminate/Foundation/Http/Middleware/InvokeDeferredCallbacks->handle(Object(Illuminate/Http/Request), Object(Closure))
#28 D:/الترم الخامس/ITPM/Project/smart-campus-portal/vendor/laravel/framework/src/Illuminate/Pipeline/Pipeline.php(127): Illuminate/Pipeline/Pipeline->Illuminate/Pipeline/{closure}(Object(Illuminate/Http/Request))
#29 D:/الترم الخامس/ITPM/Project/smart-campus-portal/vendor/laravel/framework/src/Illuminate/Foundation/Http/Kernel.php(176): Illuminate/Pipeline/Pipeline->then(Object(Closure))
#30 D:/الترم الخامس/ITPM/Project/smart-campus-portal/vendor/laravel/framework/src/Illuminate/Foundation/Http/Kernel.php(145): Illuminate/Foundation/Http/Kernel->sendRequestThroughRouter(Object(Illuminate/Http/Request))
#31 D:/الترم الخامس/ITPM/Project/smart-campus-portal/vendor/laravel/framework/src/Illuminate/Foundation/Application.php(1220): Illuminate/Foundation/Http/Kernel->handle(Object(Illuminate/Http/Request))
#32 D:/الترم الخامس/ITPM/Project/smart-campus-portal/public/index.php(20): Illuminate/Foundation/Application->handleRequest(Object(Illuminate/Http/Request))
#33 D:/الترم الخامس/ITPM/Project/smart-campus-portal/vendor/laravel/framework/src/Illuminate/Foundation/resources/server.php(23): require_once('D:///xD8/xA7/xD9/x84/xD8/xAA/xD8/xB1/xD9/x85 /xD8...')
#34 {main}
"} 
